user_id,event_date_iso,news_id,news_matched,category_final,publisher_id_final,surface
u001,2026-01-03,n001,true,politics,p1,headline
u001,2026-01-03,n006,true,economy,p2,category
u001,2026-01-03,n003,true,politics,p1,home/feed
u002,2026-01-04,n018,true,technology,p5,category
u002,2026-01-04,n023,true,culture,p6,home/feed
u002,2026-01-04,n020,true,technology,p5,newsroom
u002,2026-01-04,n021,true,culture,p6,article-detail
u003,2026-01-05,n011,true,society,p3,home/feed
u003,2026-01-05,n016,true,sports,p4,newsroom
u003,2026-01-05,n009,true,society,p3,article-detail
u003,2026-01-05,n014,true,sports,p4,headline
u003,2026-01-05,n011,true,society,p3,category
u004,2026-01-06,n004,true,politics,p1,newsroom
u004,2026-01-06,n005,true,economy,p2,article-detail
u004,2026-01-06,n002,true,politics,p1,headline
u005,2026-01-03,n017,true,technology,p5,article-detail
u005,2026-01-03,n022,true,culture,p6,headline
u005,2026-01-03,n019,true,technology,p5,category
u005,2026-01-03,n024,true,culture,p6,home/feed
u006,2026-01-04,n010,true,society,p3,headline
u006,2026-01-04,n015,true,sports,p4,category
u006,2026-01-04,n012,true,society,p3,home/feed
u006,2026-01-04,n013,true,sports,p4,newsroom
u006,2026-01-04,n010,true,society,p3,article-detail
u007,2026-01-05,n003,true,politics,p1,category
u007,2026-01-05,n008,true,economy,p2,home/feed
u007,2026-01-05,n001,true,politics,p1,newsroom
u008,2026-01-06,n020,true,technology,p5,home/feed
u008,2026-01-06,n021,true,culture,p6,newsroom
u008,2026-01-06,n018,true,technology,p5,article-detail
u008,2026-01-06,n023,true,culture,p6,headline
u009,2026-01-03,n009,true,society,p3,newsroom
u009,2026-01-03,n014,true,sports,p4,article-detail
u009,2026-01-03,n011,true,society,p3,headline
u009,2026-01-03,n016,true,sports,p4,category
u009,2026-01-03,n009,true,society,p3,home/feed
u010,2026-01-04,n002,true,politics,p1,article-detail
u010,2026-01-04,n007,true,economy,p2,headline
u010,2026-01-04,n004,true,politics,p1,category
u011,2026-01-05,n019,true,technology,p5,headline
u011,2026-01-05,n024,true,culture,p6,category
u011,2026-01-05,n017,true,technology,p5,home/feed
u011,2026-01-05,n022,true,culture,p6,newsroom
u012,2026-01-06,n012,true,society,p3,category
u012,2026-01-06,n013,true,sports,p4,home/feed
u012,2026-01-06,n010,true,society,p3,newsroom
u012,2026-01-06,n015,true,sports,p4,article-detail
u012,2026-01-06,n012,true,society,p3,headline
u013,2026-01-03,n001,true,politics,p1,home/feed
u013,2026-01-03,n006,true,economy,p2,newsroom
u013,2026-01-03,n003,true,politics,p1,article-detail
u014,2026-01-04,n018,true,technology,p5,newsroom
u014,2026-01-04,n023,true,culture,p6,article-detail
u014,2026-01-04,n020,true,technology,p5,headline
u014,2026-01-04,n021,true,culture,p6,category
u015,2026-01-05,n011,true,society,p3,article-detail
u015,2026-01-05,n016,true,sports,p4,headline
u015,2026-01-05,n009,true,society,p3,category
u015,2026-01-05,n014,true,sports,p4,home/feed
u015,2026-01-05,n011,true,society,p3,newsroom
u016,2026-01-06,n004,true,politics,p1,headline
u016,2026-01-06,n005,true,economy,p2,category
u016,2026-01-06,n002,true,politics,p1,home/feed
u017,2026-01-03,n017,true,technology,p5,category
u017,2026-01-03,n022,true,culture,p6,home/feed
u017,2026-01-03,n019,true,technology,p5,newsroom
u017,2026-01-03,n024,true,culture,p6,article-detail
u018,2026-01-04,n010,true,society,p3,home/feed
u018,2026-01-04,n015,true,sports,p4,newsroom
u018,2026-01-04,n012,true,society,p3,article-detail
u018,2026-01-04,n013,true,sports,p4,headline
u018,2026-01-04,n010,true,society,p3,category
u019,2026-01-05,n003,true,politics,p1,newsroom
u019,2026-01-05,n008,true,economy,p2,article-detail
u019,2026-01-05,n001,true,politics,p1,headline
u020,2026-01-06,n020,true,technology,p5,article-detail
u020,2026-01-06,n021,true,culture,p6,headline
u020,2026-01-06,n018,true,technology,p5,category
u020,2026-01-06,n023,true,culture,p6,home/feed
u021,2026-01-03,n009,true,society,p3,headline
u021,2026-01-03,n014,true,sports,p4,category
u021,2026-01-03,n011,true,society,p3,home/feed
u021,2026-01-03,n016,true,sports,p4,newsroom
u021,2026-01-03,n009,true,society,p3,article-detail
u022,2026-01-04,n002,true,politics,p1,category
u022,2026-01-04,n007,true,economy,p2,home/feed
u022,2026-01-04,n004,true,politics,p1,newsroom
u023,2026-01-05,n019,true,technology,p5,home/feed
u023,2026-01-05,n024,true,culture,p6,newsroom
u023,2026-01-05,n017,true,technology,p5,article-detail
u023,2026-01-05,n022,true,culture,p6,headline
u024,2026-01-06,n012,true,society,p3,newsroom
u024,2026-01-06,n013,true,sports,p4,article-detail
u024,2026-01-06,n010,true,society,p3,headline
u024,2026-01-06,n015,true,sports,p4,category
u024,2026-01-06,n012,true,society,p3,home/feed
