user_id,recommendation_date,news_id,rank,news_matched,category,publisher_id
u001,2026-01-03,n001,1,true,politics,p1
u001,2026-01-03,n006,2,true,economy,p2
u001,2026-01-03,n011,3,true,society,p3
u001,2026-01-03,n016,4,true,sports,p4
u001,2026-01-03,n017,5,true,technology,p5
u002,2026-01-04,n018,1,true,technology,p5
u002,2026-01-04,n006,2,true,economy,p2
u002,2026-01-04,n011,3,true,society,p3
u002,2026-01-04,n016,4,true,sports,p4
u002,2026-01-04,n017,5,true,technology,p5
u002,2026-01-04,n022,6,true,culture,p6
u003,2026-01-05,n011,1,true,society,p3
u003,2026-01-05,n016,2,true,sports,p4
u003,2026-01-05,n017,3,true,technology,p5
u003,2026-01-05,n022,4,true,culture,p6
u003,2026-01-05,n003,5,true,politics,p1
u003,2026-01-05,n008,6,true,economy,p2
u003,2026-01-05,n009,7,true,society,p3
u004,2026-01-06,n016,1,true,sports,p4
u004,2026-01-06,n017,2,true,technology,p5
u004,2026-01-06,n022,3,true,culture,p6
u004,2026-01-06,n003,4,true,politics,p1
u004,2026-01-06,n008,5,true,economy,p2
u005,2026-01-03,n017,1,true,technology,p5
u005,2026-01-03,n022,2,true,culture,p6
u005,2026-01-03,n003,3,true,politics,p1
u005,2026-01-03,n008,4,true,economy,p2
u005,2026-01-03,n009,5,true,society,p3
u005,2026-01-03,n014,6,true,sports,p4
u006,2026-01-04,n010,1,true,society,p3
u006,2026-01-04,n022,2,true,culture,p6
u006,2026-01-04,n003,3,true,politics,p1
u006,2026-01-04,n008,4,true,economy,p2
u006,2026-01-04,n009,5,true,society,p3
u006,2026-01-04,n014,6,true,sports,p4
u006,2026-01-04,n019,7,true,technology,p5
u007,2026-01-05,n003,1,true,politics,p1
u007,2026-01-05,n008,2,true,economy,p2
u007,2026-01-05,n009,3,true,society,p3
u007,2026-01-05,n014,4,true,sports,p4
u007,2026-01-05,n019,5,true,technology,p5
u008,2026-01-06,n020,1,true,technology,p5
u008,2026-01-06,n008,2,true,economy,p2
u008,2026-01-06,n009,3,true,society,p3
u008,2026-01-06,n014,4,true,sports,p4
u008,2026-01-06,n019,5,true,technology,p5
u008,2026-01-06,n024,6,true,culture,p6
u009,2026-01-03,n009,1,true,society,p3
u009,2026-01-03,n014,2,true,sports,p4
u009,2026-01-03,n019,3,true,technology,p5
u009,2026-01-03,n024,4,true,culture,p6
u009,2026-01-03,n001,5,true,politics,p1
u009,2026-01-03,n006,6,true,economy,p2
u009,2026-01-03,n011,7,true,society,p3
u010,2026-01-04,n014,1,true,sports,p4
u010,2026-01-04,n019,2,true,technology,p5
u010,2026-01-04,n024,3,true,culture,p6
u010,2026-01-04,n001,4,true,politics,p1
u010,2026-01-04,n006,5,true,economy,p2
u011,2026-01-05,n019,1,true,technology,p5
u011,2026-01-05,n024,2,true,culture,p6
u011,2026-01-05,n001,3,true,politics,p1
u011,2026-01-05,n006,4,true,economy,p2
u011,2026-01-05,n011,5,true,society,p3
u011,2026-01-05,n016,6,true,sports,p4
u012,2026-01-06,n012,1,true,society,p3
u012,2026-01-06,n024,2,true,culture,p6
u012,2026-01-06,n001,3,true,politics,p1
u012,2026-01-06,n006,4,true,economy,p2
u012,2026-01-06,n011,5,true,society,p3
u012,2026-01-06,n016,6,true,sports,p4
u012,2026-01-06,n017,7,true,technology,p5
u013,2026-01-03,n001,1,true,politics,p1
u013,2026-01-03,n006,2,true,economy,p2
u013,2026-01-03,n011,3,true,society,p3
u013,2026-01-03,n016,4,true,sports,p4
u013,2026-01-03,n017,5,true,technology,p5
u014,2026-01-04,n018,1,true,technology,p5
u014,2026-01-04,n006,2,true,economy,p2
u014,2026-01-04,n011,3,true,society,p3
u014,2026-01-04,n016,4,true,sports,p4
u014,2026-01-04,n017,5,true,technology,p5
u014,2026-01-04,n022,6,true,culture,p6
u015,2026-01-05,n011,1,true,society,p3
u015,2026-01-05,n016,2,true,sports,p4
u015,2026-01-05,n017,3,true,technology,p5
u015,2026-01-05,n022,4,true,culture,p6
u015,2026-01-05,n003,5,true,politics,p1
u015,2026-01-05,n008,6,true,economy,p2
u015,2026-01-05,n009,7,true,society,p3
u016,2026-01-06,n016,1,true,sports,p4
u016,2026-01-06,n017,2,true,technology,p5
u016,2026-01-06,n022,3,true,culture,p6
u016,2026-01-06,n003,4,true,politics,p1
u016,2026-01-06,n008,5,true,economy,p2
u017,2026-01-03,n017,1,true,technology,p5
u017,2026-01-03,n022,2,true,culture,p6
u017,2026-01-03,n003,3,true,politics,p1
u017,2026-01-03,n008,4,true,economy,p2
u017,2026-01-03,n009,5,true,society,p3
u017,2026-01-03,n014,6,true,sports,p4
u018,2026-01-04,n010,1,true,society,p3
u018,2026-01-04,n022,2,true,culture,p6
u018,2026-01-04,n003,3,true,politics,p1
u018,2026-01-04,n008,4,true,economy,p2
u018,2026-01-04,n009,5,true,society,p3
u018,2026-01-04,n014,6,true,sports,p4
u018,2026-01-04,n019,7,true,technology,p5
u019,2026-01-05,n003,1,true,politics,p1
u019,2026-01-05,n008,2,true,economy,p2
u019,2026-01-05,n009,3,true,society,p3
u019,2026-01-05,n014,4,true,sports,p4
u019,2026-01-05,n019,5,true,technology,p5
u020,2026-01-06,n020,1,true,technology,p5
u020,2026-01-06,n008,2,true,economy,p2
u020,2026-01-06,n009,3,true,society,p3
u020,2026-01-06,n014,4,true,sports,p4
u020,2026-01-06,n019,5,true,technology,p5
u020,2026-01-06,n024,6,true,culture,p6
u021,2026-01-03,n009,1,true,society,p3
u021,2026-01-03,n014,2,true,sports,p4
u021,2026-01-03,n019,3,true,technology,p5
u021,2026-01-03,n024,4,true,culture,p6
u021,2026-01-03,n001,5,true,politics,p1
u021,2026-01-03,n006,6,true,economy,p2
u021,2026-01-03,n011,7,true,society,p3
u022,2026-01-04,n014,1,true,sports,p4
u022,2026-01-04,n019,2,true,technology,p5
u022,2026-01-04,n024,3,true,culture,p6
u022,2026-01-04,n001,4,true,politics,p1
u022,2026-01-04,n006,5,true,economy,p2
u023,2026-01-05,n019,1,true,technology,p5
u023,2026-01-05,n024,2,true,culture,p6
u023,2026-01-05,n001,3,true,politics,p1
u023,2026-01-05,n006,4,true,economy,p2
u023,2026-01-05,n011,5,true,society,p3
u023,2026-01-05,n016,6,true,sports,p4
u024,2026-01-06,n012,1,true,society,p3
u024,2026-01-06,n024,2,true,culture,p6
u024,2026-01-06,n001,3,true,politics,p1
u024,2026-01-06,n006,4,true,economy,p2
u024,2026-01-06,n011,5,true,society,p3
u024,2026-01-06,n016,6,true,sports,p4
u024,2026-01-06,n017,7,true,technology,p5
