model,n_users,positive_rate,auc_mean,auc_std,auprc_mean,f1_mean,cv_folds,cohort,label,feature_set,n_original_cohort,low_threshold,high_threshold
random_forest,372,0.5053763440860215,0.8962106843685792,0.02842674022912843,0.9034743542694944,0.8275797951236548,5,all_profile_click_users,extreme_quartile,full_plus_surface,698,0.6666666666666667,0.9
extra_trees,372,0.5053763440860215,0.8936755389813712,0.025231942394022957,0.8995315887136052,0.8089743589743591,5,all_profile_click_users,extreme_quartile,full_plus_surface,698,0.6666666666666667,0.9
gradient_boosting,372,0.5053763440860215,0.8936551416281147,0.007602726974254581,0.8886990777419177,0.8197367370883353,5,all_profile_click_users,extreme_quartile,full_plus_surface,698,0.6666666666666667,0.9
random_forest,372,0.5053763440860215,0.8920034899764631,0.026974170178741274,0.8983771276540891,0.8179676846787661,5,all_profile_click_users,extreme_quartile,profile_exposure_plus_surface,698,0.6666666666666667,0.9
random_forest,372,0.5053763440860215,0.8890537763937478,0.03152488653548195,0.8762774728197247,0.8238479545146211,5,all_profile_click_users,extreme_quartile,behavior_plus_surface,698,0.6666666666666667,0.9
random_forest,372,0.5053763440860215,0.8830743617016731,0.021728187569127137,0.8955198677602441,0.7946512395522076,5,all_profile_click_users,extreme_quartile,full,698,0.6666666666666667,0.9
extra_trees,372,0.5053763440860215,0.8825619716444753,0.013338483797320578,0.890017646735411,0.7862340278820854,5,all_profile_click_users,extreme_quartile,full,698,0.6666666666666667,0.9
gradient_boosting,372,0.5053763440860215,0.8820990264802498,0.027544885541092863,0.875662873260384,0.7909809809809809,5,all_profile_click_users,extreme_quartile,profile_exposure_plus_surface,698,0.6666666666666667,0.9
extra_trees,372,0.5053763440860215,0.880925164139958,0.0255453273205048,0.8893250769330837,0.8116021467117358,5,all_profile_click_users,extreme_quartile,profile_exposure_plus_surface,698,0.6666666666666667,0.9
gradient_boosting,372,0.5053763440860215,0.8792939098415626,0.010862981785020698,0.8541559662549123,0.818830433185054,5,all_profile_click_users,extreme_quartile,behavior_plus_surface,698,0.6666666666666667,0.9
extra_trees,372,0.5053763440860215,0.8764518430236781,0.0366567924402833,0.857286411983028,0.805210932141426,5,all_profile_click_users,extreme_quartile,behavior_plus_surface,698,0.6666666666666667,0.9
gradient_boosting,372,0.5053763440860215,0.8694714629280774,0.012228208214756144,0.8630782139941899,0.7822016399363676,5,all_profile_click_users,extreme_quartile,full,698,0.6666666666666667,0.9
logistic,372,0.5053763440860215,0.8122243153537607,0.034828689236457565,0.8292631312213061,0.7339787579761146,5,all_profile_click_users,extreme_quartile,full_plus_surface,698,0.6666666666666667,0.9
logistic,372,0.5053763440860215,0.8075961452206117,0.04048187597037132,0.8141584306613738,0.7312167599994132,5,all_profile_click_users,extreme_quartile,full,698,0.6666666666666667,0.9
logistic,372,0.5053763440860215,0.8073480664163453,0.023663858439804907,0.8231654718811103,0.7281398110743249,5,all_profile_click_users,extreme_quartile,behavior_plus_surface,698,0.6666666666666667,0.9
gradient_boosting,87,0.5287356321839081,0.7456790123456791,0.10052635442890608,0.7854141599141601,0.6757843137254902,5,audit_eligible_traceable,extreme_quartile,full,164,0.61875,0.8
extra_trees,159,0.48427672955974843,0.7416850490196079,0.10948780424162144,0.7665648108522239,0.6664738598442714,5,click_ge_5,extreme_quartile,behavior_plus_surface,302,0.625,0.8181818181818182
extra_trees,159,0.48427672955974843,0.7416850490196079,0.10948780424162144,0.7665648108522239,0.6664738598442714,5,click_ge_5_rec_ge_20,extreme_quartile,behavior_plus_surface,300,0.625,0.8181818181818182
extra_trees,87,0.5287356321839081,0.7205555555555556,0.07122386893572155,0.7861731291584233,0.6834013509710104,5,audit_eligible_traceable,extreme_quartile,behavior_plus_surface,164,0.61875,0.8
logistic,87,0.5287356321839081,0.7197530864197531,0.11939937580847626,0.7273393273393275,0.6699999999999999,5,audit_eligible_traceable,extreme_quartile,full_plus_surface,164,0.61875,0.8
extra_trees,159,0.48427672955974843,0.7153462009803923,0.10668682009198187,0.7333237180742607,0.6544175436163265,5,click_ge_5,extreme_quartile,full_plus_surface,302,0.625,0.8181818181818182
extra_trees,159,0.48427672955974843,0.7153462009803923,0.10668682009198187,0.7333237180742607,0.6544175436163265,5,click_ge_5_rec_ge_20,extreme_quartile,full_plus_surface,300,0.625,0.8181818181818182
random_forest,159,0.48427672955974843,0.7137009803921568,0.0991517161532488,0.737591369623896,0.6624757377698554,5,click_ge_5,extreme_quartile,behavior_plus_surface,302,0.625,0.8181818181818182
random_forest,159,0.48427672955974843,0.7137009803921568,0.0991517161532488,0.737591369623896,0.6624757377698554,5,click_ge_5_rec_ge_20,extreme_quartile,behavior_plus_surface,300,0.625,0.8181818181818182
logistic,159,0.48427672955974843,0.7124540441176471,0.12785933429707091,0.7183953634547156,0.6302946127946129,5,click_ge_5,extreme_quartile,behavior_plus_surface,302,0.625,0.8181818181818182
logistic,159,0.48427672955974843,0.7124540441176471,0.12785933429707091,0.7183953634547156,0.6302946127946129,5,click_ge_5_rec_ge_20,extreme_quartile,behavior_plus_surface,300,0.625,0.8181818181818182
logistic,87,0.5287356321839081,0.7104012345679012,0.07555210090544767,0.7619116700293171,0.6589393939393939,5,audit_eligible_traceable,extreme_quartile,behavior_plus_surface,164,0.61875,0.8
extra_trees,87,0.5287356321839081,0.7025617283950616,0.1005873431177526,0.7750997936341074,0.6630065359477124,5,audit_eligible_traceable,extreme_quartile,full_plus_surface,164,0.61875,0.8
logistic,372,0.5053763440860215,0.7012870623112444,0.028725404460434152,0.7284596504604952,0.6347291032737041,5,all_profile_click_users,extreme_quartile,profile_exposure_plus_surface,698,0.6666666666666667,0.9
extra_trees,87,0.5287356321839081,0.6998148148148149,0.1093947684467208,0.7739758451425118,0.6569590643274854,5,audit_eligible_traceable,extreme_quartile,full,164,0.61875,0.8
extra_trees,159,0.48427672955974843,0.6984865196078431,0.08430095384184849,0.7082213024997392,0.6268971402675518,5,click_ge_5,extreme_quartile,full,302,0.625,0.8181818181818182
extra_trees,159,0.48427672955974843,0.6984865196078431,0.08430095384184849,0.7082213024997392,0.6268971402675518,5,click_ge_5_rec_ge_20,extreme_quartile,full,300,0.625,0.8181818181818182
random_forest,159,0.48427672955974843,0.6856770833333333,0.11018137705389683,0.7182142149090497,0.6282664176781824,5,click_ge_5,extreme_quartile,full_plus_surface,302,0.625,0.8181818181818182
random_forest,159,0.48427672955974843,0.6856770833333333,0.11018137705389683,0.7182142149090497,0.6282664176781824,5,click_ge_5_rec_ge_20,extreme_quartile,full_plus_surface,300,0.625,0.8181818181818182
random_forest,87,0.5287356321839081,0.6766049382716048,0.042600822250208295,0.7324060536413478,0.5728760403683004,5,audit_eligible_traceable,extreme_quartile,profile_exposure_plus_surface,164,0.61875,0.8
logistic,87,0.5287356321839081,0.668395061728395,0.1864676375423696,0.7177147219157023,0.6458823529411765,5,audit_eligible_traceable,extreme_quartile,full,164,0.61875,0.8
random_forest,87,0.5287356321839081,0.6679629629629631,0.08720354443407435,0.7293191761034898,0.6108179539758487,5,audit_eligible_traceable,extreme_quartile,full_plus_surface,164,0.61875,0.8
gradient_boosting,159,0.48427672955974843,0.6676225490196078,0.09975284436937676,0.7017787375075564,0.5968054933572174,5,click_ge_5,extreme_quartile,behavior_plus_surface,302,0.625,0.8181818181818182
gradient_boosting,159,0.48427672955974843,0.6676225490196078,0.09975284436937676,0.7017787375075564,0.5968054933572174,5,click_ge_5_rec_ge_20,extreme_quartile,behavior_plus_surface,300,0.625,0.8181818181818182
logistic,159,0.48427672955974843,0.6666145833333333,0.11899957190934499,0.6949925870943965,0.592110922467459,5,click_ge_5,extreme_quartile,full_plus_surface,302,0.625,0.8181818181818182
logistic,159,0.48427672955974843,0.6666145833333333,0.11899957190934499,0.6949925870943965,0.592110922467459,5,click_ge_5_rec_ge_20,extreme_quartile,full_plus_surface,300,0.625,0.8181818181818182
extra_trees,158,0.5126582278481012,0.6647518382352942,0.06076659743647518,0.7305975795873312,0.576518662711655,5,audit_eligible_core,extreme_quartile,behavior_plus_surface,268,0.625,0.8
gradient_boosting,159,0.48427672955974843,0.663452818627451,0.11422910752926518,0.6526989366959199,0.5892559406790905,5,click_ge_5,extreme_quartile,profile_exposure_plus_surface,302,0.625,0.8181818181818182
gradient_boosting,159,0.48427672955974843,0.663452818627451,0.11422910752926518,0.6526989366959199,0.5892559406790905,5,click_ge_5_rec_ge_20,extreme_quartile,profile_exposure_plus_surface,300,0.625,0.8181818181818182
logistic,87,0.5287356321839081,0.6629938271604938,0.15719194888540283,0.6702798882308687,0.6490852800450323,5,audit_eligible_traceable,extreme_quartile,profile_exposure_plus_surface,164,0.61875,0.8
gradient_boosting,159,0.48427672955974843,0.66234375,0.08438954443398242,0.6765636699271826,0.5915715874781504,5,click_ge_5,extreme_quartile,full,302,0.625,0.8181818181818182
gradient_boosting,159,0.48427672955974843,0.66234375,0.08438954443398242,0.6765636699271826,0.5915715874781504,5,click_ge_5_rec_ge_20,extreme_quartile,full,300,0.625,0.8181818181818182
random_forest,158,0.5126582278481012,0.657705269607843,0.07396999208551142,0.7338190527306256,0.5932690964949029,5,audit_eligible_core,extreme_quartile,behavior_plus_surface,268,0.625,0.8
random_forest,159,0.48427672955974843,0.6568566176470589,0.08597781081148524,0.6876854426820854,0.6003686635944699,5,click_ge_5,extreme_quartile,full,302,0.625,0.8181818181818182
random_forest,159,0.48427672955974843,0.6568566176470589,0.08597781081148524,0.6876854426820854,0.6003686635944699,5,click_ge_5_rec_ge_20,extreme_quartile,full,300,0.625,0.8181818181818182
gradient_boosting,159,0.48427672955974843,0.6560539215686274,0.09652888143006409,0.686127496080833,0.6137015840819087,5,click_ge_5,extreme_quartile,full_plus_surface,302,0.625,0.8181818181818182
gradient_boosting,159,0.48427672955974843,0.6560539215686274,0.09652888143006409,0.686127496080833,0.6137015840819087,5,click_ge_5_rec_ge_20,extreme_quartile,full_plus_surface,300,0.625,0.8181818181818182
random_forest,87,0.5287356321839081,0.6555555555555556,0.08932186217118626,0.712252494419161,0.6443351131451818,5,audit_eligible_traceable,extreme_quartile,full,164,0.61875,0.8
random_forest,159,0.48427672955974843,0.6552634803921568,0.10728408870885352,0.6851068686916328,0.5804299149126735,5,click_ge_5,extreme_quartile,profile_exposure_plus_surface,302,0.625,0.8181818181818182
random_forest,159,0.48427672955974843,0.6552634803921568,0.10728408870885352,0.6851068686916328,0.5804299149126735,5,click_ge_5_rec_ge_20,extreme_quartile,profile_exposure_plus_surface,300,0.625,0.8181818181818182
gradient_boosting,87,0.5287356321839081,0.6549691358024691,0.11627802863001249,0.7237457633143908,0.5773380867498515,5,audit_eligible_traceable,extreme_quartile,full_plus_surface,164,0.61875,0.8
logistic,158,0.5126582278481012,0.6514491421568628,0.057323913214538065,0.6804518111955628,0.609313725490196,5,audit_eligible_core,extreme_quartile,behavior_plus_surface,268,0.625,0.8
extra_trees,159,0.48427672955974843,0.6454350490196079,0.09889085097795998,0.672208623347236,0.6032654127481714,5,click_ge_5,extreme_quartile,profile_exposure_plus_surface,302,0.625,0.8181818181818182
extra_trees,159,0.48427672955974843,0.6454350490196079,0.09889085097795998,0.672208623347236,0.6032654127481714,5,click_ge_5_rec_ge_20,extreme_quartile,profile_exposure_plus_surface,300,0.625,0.8181818181818182
gradient_boosting,87,0.5287356321839081,0.6416666666666667,0.1324624335285152,0.6942735271264684,0.598796992481203,5,audit_eligible_traceable,extreme_quartile,behavior_plus_surface,164,0.61875,0.8
random_forest,87,0.5287356321839081,0.6384876543209876,0.09931500262027698,0.6972790510143451,0.6295021645021646,5,audit_eligible_traceable,extreme_quartile,behavior_plus_surface,164,0.61875,0.8
random_forest,158,0.5126582278481012,0.6361458333333333,0.06393691111111448,0.7214727031303345,0.5601859810563926,5,audit_eligible_core,extreme_quartile,full_plus_surface,268,0.625,0.8
gradient_boosting,158,0.5126582278481012,0.6346323529411764,0.07239148032663402,0.6976897263671051,0.6080809842100166,5,audit_eligible_core,extreme_quartile,full_plus_surface,268,0.625,0.8
logistic,159,0.48427672955974843,0.6240747549019607,0.08520452738568658,0.6350356701727277,0.5551528904470081,5,click_ge_5,extreme_quartile,profile_exposure_plus_surface,302,0.625,0.8181818181818182
logistic,159,0.48427672955974843,0.6240747549019607,0.08520452738568658,0.6350356701727277,0.5551528904470081,5,click_ge_5_rec_ge_20,extreme_quartile,profile_exposure_plus_surface,300,0.625,0.8181818181818182
extra_trees,158,0.5126582278481012,0.6237745098039216,0.07522193752523408,0.7084739361214725,0.566493780307822,5,audit_eligible_core,extreme_quartile,full_plus_surface,268,0.625,0.8
gradient_boosting,158,0.5126582278481012,0.6229810049019608,0.07507366744432394,0.6791405904188406,0.5746031746031746,5,audit_eligible_core,extreme_quartile,behavior_plus_surface,268,0.625,0.8
logistic,158,0.5126582278481012,0.6088327205882352,0.09214928337952319,0.6221168090977406,0.5438961258484586,5,audit_eligible_core,extreme_quartile,full,268,0.625,0.8
gradient_boosting,87,0.5287356321839081,0.6053703703703703,0.12276031941123267,0.6960840807703553,0.6004253056884636,5,audit_eligible_traceable,extreme_quartile,profile_exposure_plus_surface,164,0.61875,0.8
logistic,159,0.48427672955974843,0.6053523284313725,0.11012810627149545,0.6110242720248504,0.5277038899904886,5,click_ge_5,extreme_quartile,full,302,0.625,0.8181818181818182
logistic,159,0.48427672955974843,0.6053523284313725,0.11012810627149545,0.6110242720248504,0.5277038899904886,5,click_ge_5_rec_ge_20,extreme_quartile,full,300,0.625,0.8181818181818182
extra_trees,87,0.5287356321839081,0.600895061728395,0.1384218622523117,0.6869799766319374,0.5790935672514619,5,audit_eligible_traceable,extreme_quartile,profile_exposure_plus_surface,164,0.61875,0.8
gradient_boosting,158,0.5126582278481012,0.600045955882353,0.08586300334368305,0.6276918557510615,0.5675867714335896,5,audit_eligible_core,extreme_quartile,profile_exposure_plus_surface,268,0.625,0.8
logistic,158,0.5126582278481012,0.5948468137254903,0.08287118734862052,0.6529654435675132,0.5290543281618333,5,audit_eligible_core,extreme_quartile,full_plus_surface,268,0.625,0.8
random_forest,158,0.5126582278481012,0.5928799019607844,0.08081953343024445,0.6780259976226162,0.5394022257551669,5,audit_eligible_core,extreme_quartile,profile_exposure_plus_surface,268,0.625,0.8
extra_trees,158,0.5126582278481012,0.59125,0.07760986416445398,0.6295750279880007,0.5361563051885633,5,audit_eligible_core,extreme_quartile,full,268,0.625,0.8
gradient_boosting,158,0.5126582278481012,0.5822212009803922,0.08313493584980651,0.6601410861568257,0.5501112765227865,5,audit_eligible_core,extreme_quartile,full,268,0.625,0.8
random_forest,158,0.5126582278481012,0.5812959558823529,0.034600587726452824,0.6472964969310936,0.5626754385964912,5,audit_eligible_core,extreme_quartile,full,268,0.625,0.8
extra_trees,158,0.5126582278481012,0.5529289215686275,0.10780304478399987,0.6357535896715167,0.5274111549973619,5,audit_eligible_core,extreme_quartile,profile_exposure_plus_surface,268,0.625,0.8
random_forest,68,0.5294117647058824,0.5433673469387756,0.20843014549133612,0.6592025434882578,0.512991452991453,5,dense_audit_users,extreme_quartile,behavior_plus_surface,124,0.6,0.7692307692307693
logistic,158,0.5126582278481012,0.535701593137255,0.10307294612643703,0.5704041246541711,0.5642294653483556,5,audit_eligible_core,extreme_quartile,profile_exposure_plus_surface,268,0.625,0.8
gradient_boosting,68,0.5294117647058824,0.5170068027210883,0.16717263196957055,0.5814038739038738,0.6150793650793651,5,dense_audit_users,extreme_quartile,behavior_plus_surface,124,0.6,0.7692307692307693
extra_trees,68,0.5294117647058824,0.5133503401360544,0.17993558951137942,0.6343965756465756,0.5580316742081448,5,dense_audit_users,extreme_quartile,behavior_plus_surface,124,0.6,0.7692307692307693
random_forest,68,0.5294117647058824,0.4937925170068028,0.21905191031838323,0.5957931354359924,0.5507936507936508,5,dense_audit_users,extreme_quartile,full_plus_surface,124,0.6,0.7692307692307693
logistic,68,0.5294117647058824,0.4889455782312925,0.1088940146558904,0.6099399211899212,0.5145811051693405,5,dense_audit_users,extreme_quartile,behavior_plus_surface,124,0.6,0.7692307692307693
random_forest,68,0.5294117647058824,0.4783163265306123,0.19350311437614062,0.615478440210583,0.5443137254901961,5,dense_audit_users,extreme_quartile,profile_exposure_plus_surface,124,0.6,0.7692307692307693
random_forest,68,0.5294117647058824,0.47814625850340137,0.21162292490274665,0.5929682024324882,0.4767722473604826,5,dense_audit_users,extreme_quartile,full,124,0.6,0.7692307692307693
gradient_boosting,68,0.5294117647058824,0.47355442176870743,0.2158632275096512,0.6017702931988647,0.5857142857142856,5,dense_audit_users,extreme_quartile,full_plus_surface,124,0.6,0.7692307692307693
extra_trees,68,0.5294117647058824,0.4708333333333333,0.18088787467183898,0.6459107955536526,0.45927170868347333,5,dense_audit_users,extreme_quartile,full,124,0.6,0.7692307692307693
gradient_boosting,68,0.5294117647058824,0.46232993197278904,0.18222763323696672,0.6118671407957121,0.4904761904761905,5,dense_audit_users,extreme_quartile,profile_exposure_plus_surface,124,0.6,0.7692307692307693
extra_trees,68,0.5294117647058824,0.44727891156462585,0.2080898896956084,0.6304338320409749,0.4483056812468577,5,dense_audit_users,extreme_quartile,full_plus_surface,124,0.6,0.7692307692307693
extra_trees,68,0.5294117647058824,0.444812925170068,0.23315830338528135,0.6126429919287062,0.4692657342657343,5,dense_audit_users,extreme_quartile,profile_exposure_plus_surface,124,0.6,0.7692307692307693
gradient_boosting,68,0.5294117647058824,0.42525510204081635,0.14193916675171164,0.5720522533022532,0.4438544788544789,5,dense_audit_users,extreme_quartile,full,124,0.6,0.7692307692307693
logistic,68,0.5294117647058824,0.39846938775510204,0.15780223589123987,0.5386355608677036,0.4705720749838397,5,dense_audit_users,extreme_quartile,full,124,0.6,0.7692307692307693
logistic,68,0.5294117647058824,0.38579931972789117,0.1354844566488299,0.5489955381919668,0.4329487179487179,5,dense_audit_users,extreme_quartile,full_plus_surface,124,0.6,0.7692307692307693
logistic,68,0.5294117647058824,0.3482993197278912,0.100776750978972,0.5259042941185798,0.3579487179487179,5,dense_audit_users,extreme_quartile,profile_exposure_plus_surface,124,0.6,0.7692307692307693
random_forest,698,0.45558739255014324,0.7869034565580618,0.05321372171682274,0.7710136081283506,0.7038864732763743,5,all_profile_click_users,median,full_plus_surface,698,,
random_forest,698,0.45558739255014324,0.785281236946533,0.052025728650271816,0.7604546917412068,0.7023053360503991,5,all_profile_click_users,median,behavior_plus_surface,698,,
random_forest,698,0.45558739255014324,0.7824633197577275,0.056789624240053106,0.755652423556598,0.6870609524510309,5,all_profile_click_users,median,full,698,,
extra_trees,698,0.45558739255014324,0.7821761434837093,0.0558229887619193,0.7612130227052744,0.6902246684832838,5,all_profile_click_users,median,full_plus_surface,698,,
gradient_boosting,698,0.45558739255014324,0.7766962980367585,0.04196163914474846,0.7545659174594121,0.6815780984376655,5,all_profile_click_users,median,full_plus_surface,698,,
extra_trees,698,0.45558739255014324,0.774328399122807,0.062037907426099624,0.7426083895524945,0.6804966179584332,5,all_profile_click_users,median,full,698,,
extra_trees,698,0.45558739255014324,0.7736342810150376,0.05799886753473978,0.7502844753394754,0.683740111973183,5,all_profile_click_users,median,behavior_plus_surface,698,,
gradient_boosting,698,0.45558739255014324,0.771468710839599,0.05210876134447463,0.7332151946736691,0.6760564033636614,5,all_profile_click_users,median,behavior_plus_surface,698,,
random_forest,698,0.45558739255014324,0.7675777986633249,0.04934705309923457,0.7557471971410996,0.6747325270308145,5,all_profile_click_users,median,profile_exposure_plus_surface,698,,
extra_trees,698,0.45558739255014324,0.7569131161236424,0.05596274460039535,0.7297987234822475,0.6778954028336412,5,all_profile_click_users,median,profile_exposure_plus_surface,698,,
gradient_boosting,698,0.45558739255014324,0.7553682383040935,0.03231267663657176,0.7041167742192457,0.666912629917508,5,all_profile_click_users,median,full,698,,
gradient_boosting,698,0.45558739255014324,0.750655284043442,0.038935641376013665,0.7259178152108099,0.6479074205953568,5,all_profile_click_users,median,profile_exposure_plus_surface,698,,
logistic,698,0.45558739255014324,0.7225717288011695,0.05881074373356894,0.7131690160231593,0.6308074213590157,5,all_profile_click_users,median,behavior_plus_surface,698,,
logistic,698,0.45558739255014324,0.7141134085213032,0.06335466994842219,0.6619997384438983,0.6664042070729,5,all_profile_click_users,median,full,698,,
logistic,698,0.45558739255014324,0.7135266551796157,0.06337900702464627,0.6832466661137655,0.6390956254604159,5,all_profile_click_users,median,full_plus_surface,698,,
gradient_boosting,268,0.24253731343283583,0.6988836772983115,0.048840546084998736,0.5037628466005017,0.37090956784051415,5,audit_eligible_core,median,behavior_plus_surface,268,,
logistic,268,0.24253731343283583,0.6927016885553472,0.09813839355364247,0.44866121654695384,0.43898531805508545,5,audit_eligible_core,median,behavior_plus_surface,268,,
extra_trees,268,0.24253731343283583,0.689108818011257,0.04253404130167008,0.5045241509710717,0.42776658591525357,5,audit_eligible_core,median,behavior_plus_surface,268,,
extra_trees,302,0.25496688741721857,0.6842222222222222,0.09344846294261586,0.5016377584237359,0.47994949494949496,5,click_ge_5,median,behavior_plus_surface,302,,
extra_trees,300,0.25666666666666665,0.6832882996632996,0.1215262591156732,0.5035676565697831,0.46092574092574096,5,click_ge_5_rec_ge_20,median,behavior_plus_surface,300,,
gradient_boosting,302,0.25496688741721857,0.6830555555555555,0.10440253953152195,0.504496039048157,0.3977092099111735,5,click_ge_5,median,behavior_plus_surface,302,,
logistic,302,0.25496688741721857,0.6715555555555556,0.0899655169422325,0.43795000340158385,0.43256627783669144,5,click_ge_5,median,behavior_plus_surface,302,,
extra_trees,268,0.24253731343283583,0.6702626641651033,0.07574447725186044,0.4916084754421625,0.43024154589371977,5,audit_eligible_core,median,full_plus_surface,268,,
gradient_boosting,268,0.24253731343283583,0.6693714821763602,0.08194540136656828,0.48583429250292376,0.4064327485380117,5,audit_eligible_core,median,full_plus_surface,268,,
random_forest,268,0.24253731343283583,0.6685084427767355,0.03316683162830299,0.47472006677673606,0.45646725509425734,5,audit_eligible_core,median,behavior_plus_surface,268,,
extra_trees,300,0.25666666666666665,0.6660909090909091,0.10477232592884965,0.5049087307201692,0.4183345543345543,5,click_ge_5_rec_ge_20,median,full_plus_surface,300,,
random_forest,268,0.24253731343283583,0.6644183864915572,0.05255863745758346,0.4374631198364186,0.4033718434900197,5,audit_eligible_core,median,profile_exposure_plus_surface,268,,
extra_trees,302,0.25496688741721857,0.663425925925926,0.08902427960616381,0.5117603616907941,0.42411726204829653,5,click_ge_5,median,full_plus_surface,302,,
random_forest,268,0.24253731343283583,0.662251407129456,0.03882729352909647,0.49616906794886495,0.400771372876636,5,audit_eligible_core,median,full_plus_surface,268,,
gradient_boosting,300,0.25666666666666665,0.6613977272727272,0.1594513283174894,0.4893000532543927,0.3675445134575569,5,click_ge_5_rec_ge_20,median,behavior_plus_surface,300,,
random_forest,300,0.25666666666666665,0.6609406565656566,0.09545012914815958,0.5021592905235066,0.4248364753526044,5,click_ge_5_rec_ge_20,median,behavior_plus_surface,300,,
random_forest,300,0.25666666666666665,0.658979797979798,0.10559289401309772,0.5031133714305488,0.346788563760078,5,click_ge_5_rec_ge_20,median,full_plus_surface,300,,
random_forest,302,0.25496688741721857,0.6576111111111113,0.09256796709572884,0.4942696205066032,0.4033073593073594,5,click_ge_5,median,behavior_plus_surface,302,,
logistic,164,0.23170731707317074,0.6558241758241758,0.12435087826392326,0.42939255264949405,0.4210267379679144,5,audit_eligible_traceable,median,behavior_plus_surface,164,,
random_forest,300,0.25666666666666665,0.6522293771043772,0.09963104914597458,0.4473554452416069,0.2920969089390142,5,click_ge_5_rec_ge_20,median,profile_exposure_plus_surface,300,,
extra_trees,302,0.25496688741721857,0.6461851851851852,0.08787224171601368,0.4655549254825238,0.3277455716586151,5,click_ge_5,median,full,302,,
random_forest,268,0.24253731343283583,0.6452157598499062,0.053436256497935715,0.45236210326601817,0.3199159663865546,5,audit_eligible_core,median,full,268,,
random_forest,302,0.25496688741721857,0.6439444444444444,0.08619501288887647,0.5089262124077966,0.3566244383635688,5,click_ge_5,median,full_plus_surface,302,,
logistic,300,0.25666666666666665,0.6429764309764311,0.09296555336097322,0.4393374280855141,0.38543752140981236,5,click_ge_5_rec_ge_20,median,behavior_plus_surface,300,,
extra_trees,164,0.23170731707317074,0.6425384615384615,0.15577677327321326,0.5023796110426749,0.33325396825396825,5,audit_eligible_traceable,median,behavior_plus_surface,164,,
random_forest,164,0.23170731707317074,0.6407692307692308,0.12617490347671764,0.4191526238945048,0.22383838383838386,5,audit_eligible_traceable,median,full,164,,
random_forest,302,0.25496688741721857,0.6393518518518518,0.079919798618667,0.46360388604974145,0.3746520504585021,5,click_ge_5,median,profile_exposure_plus_surface,302,,
extra_trees,300,0.25666666666666665,0.6385164141414141,0.09132199875252002,0.45664034124567615,0.3251716798943186,5,click_ge_5_rec_ge_20,median,full,300,,
logistic,302,0.25496688741721857,0.6384074074074075,0.06831276414299138,0.4078218157597552,0.44193088041611783,5,click_ge_5,median,full_plus_surface,302,,
extra_trees,268,0.24253731343283583,0.6371482176360226,0.06618279651610658,0.4423200216598227,0.35692307692307695,5,audit_eligible_core,median,profile_exposure_plus_surface,268,,
random_forest,302,0.25496688741721857,0.6367777777777777,0.0707422532318433,0.500161345448405,0.38692739754524647,5,click_ge_5,median,full,302,,
logistic,268,0.24253731343283583,0.6341463414634145,0.11160379285818296,0.3985411421149971,0.38558468242678773,5,audit_eligible_core,median,full_plus_surface,268,,
gradient_boosting,300,0.25666666666666665,0.6332285353535354,0.10113747521425989,0.4413771310987581,0.3956061651713826,5,click_ge_5_rec_ge_20,median,full_plus_surface,300,,
extra_trees,268,0.24253731343283583,0.6293058161350844,0.09292176653258134,0.40196047597572415,0.28434343434343434,5,audit_eligible_core,median,full,268,,
logistic,698,0.45558739255014324,0.6283390768588136,0.06052880344319543,0.5843277164121983,0.5818655731548932,5,all_profile_click_users,median,profile_exposure_plus_surface,698,,
gradient_boosting,268,0.24253731343283583,0.6272420262664165,0.04179793406727426,0.4102318996856075,0.3436917100936484,5,audit_eligible_core,median,full,268,,
extra_trees,300,0.25666666666666665,0.6253973063973064,0.06769704109095538,0.43344307666637183,0.4062212161227441,5,click_ge_5_rec_ge_20,median,profile_exposure_plus_surface,300,,
random_forest,300,0.25666666666666665,0.6213400673400673,0.09494607773217999,0.4614363070434523,0.3252195046245389,5,click_ge_5_rec_ge_20,median,full,300,,
gradient_boosting,268,0.24253731343283583,0.6189118198874297,0.06914814417936657,0.41015371630320097,0.2666981835860554,5,audit_eligible_core,median,profile_exposure_plus_surface,268,,
extra_trees,302,0.25496688741721857,0.6183333333333334,0.08652505048909201,0.43333002792415065,0.3876231527093596,5,click_ge_5,median,profile_exposure_plus_surface,302,,
logistic,300,0.25666666666666665,0.6175315656565656,0.04491956188328408,0.36088426215817593,0.43040938284840724,5,click_ge_5_rec_ge_20,median,profile_exposure_plus_surface,300,,
logistic,268,0.24253731343283583,0.6174765478424016,0.07567770539738526,0.38201328641786236,0.41167849305854204,5,audit_eligible_core,median,profile_exposure_plus_surface,268,,
logistic,164,0.23170731707317074,0.615021978021978,0.10441916217715506,0.3298708853386139,0.2895112781954888,5,audit_eligible_traceable,median,full_plus_surface,164,,
logistic,302,0.25496688741721857,0.6149814814814815,0.03690822042924547,0.3858307883402231,0.4325786136299695,5,click_ge_5,median,profile_exposure_plus_surface,302,,
random_forest,164,0.23170731707317074,0.6119120879120878,0.14045522363599328,0.44834475272116137,0.3463492063492063,5,audit_eligible_traceable,median,profile_exposure_plus_surface,164,,
gradient_boosting,302,0.25496688741721857,0.6116296296296297,0.05368484981945254,0.3810702740874925,0.23608368747956848,5,click_ge_5,median,profile_exposure_plus_surface,302,,
random_forest,164,0.23170731707317074,0.6090769230769231,0.1599842078005268,0.49472294857170596,0.3657592407592408,5,audit_eligible_traceable,median,behavior_plus_surface,164,,
gradient_boosting,300,0.25666666666666665,0.6029941077441078,0.08046080134523988,0.40995400199642756,0.26203515889114265,5,click_ge_5_rec_ge_20,median,full,300,,
random_forest,164,0.23170731707317074,0.6011758241758242,0.12494320699919838,0.45391934078211743,0.29878787878787877,5,audit_eligible_traceable,median,full_plus_surface,164,,
logistic,300,0.25666666666666665,0.5982811447811448,0.061609365877129785,0.36766735829116387,0.40142152421222194,5,click_ge_5_rec_ge_20,median,full_plus_surface,300,,
gradient_boosting,302,0.25496688741721857,0.5950740740740741,0.09598048998708988,0.4085660092873451,0.29610679175896565,5,click_ge_5,median,full_plus_surface,302,,
gradient_boosting,300,0.25666666666666665,0.5949730639730639,0.0807128074372592,0.3648123689670071,0.2309346048476483,5,click_ge_5_rec_ge_20,median,profile_exposure_plus_surface,300,,
extra_trees,124,0.18548387096774194,0.5899761904761905,0.11431994527037402,0.3136383073448291,0.22683982683982684,5,dense_audit_users,median,behavior_plus_surface,124,,
logistic,164,0.23170731707317074,0.5899340659340659,0.12773483054337675,0.32631387498688835,0.36157649368175687,5,audit_eligible_traceable,median,profile_exposure_plus_surface,164,,
gradient_boosting,164,0.23170731707317074,0.5881538461538461,0.07043578533025642,0.37018528761729924,0.2028860028860029,5,audit_eligible_traceable,median,full,164,,
extra_trees,164,0.23170731707317074,0.5881098901098901,0.10044979508775674,0.33224236239829563,0.17575757575757578,5,audit_eligible_traceable,median,full,164,,
extra_trees,164,0.23170731707317074,0.5812087912087912,0.15547048702007452,0.3923545142770327,0.23920079920079917,5,audit_eligible_traceable,median,full_plus_surface,164,,
random_forest,124,0.18548387096774194,0.5810952380952381,0.11626340412323216,0.3257992850839802,0.15873015873015872,5,dense_audit_users,median,behavior_plus_surface,124,,
gradient_boosting,302,0.25496688741721857,0.5790555555555555,0.09399709594790269,0.4492320101651872,0.33926218708827405,5,click_ge_5,median,full,302,,
logistic,124,0.18548387096774194,0.5769761904761905,0.09449566571542987,0.33392526569764425,0.3270846800258565,5,dense_audit_users,median,behavior_plus_surface,124,,
logistic,268,0.24253731343283583,0.5735365853658536,0.14818381474620174,0.36871269359866754,0.35603269537480065,5,audit_eligible_core,median,full,268,,
extra_trees,164,0.23170731707317074,0.57,0.15339092381951444,0.36495194560138067,0.2826890756302521,5,audit_eligible_traceable,median,profile_exposure_plus_surface,164,,
gradient_boosting,164,0.23170731707317074,0.5669230769230769,0.12577866156990083,0.33737446234415963,0.1620779220779221,5,audit_eligible_traceable,median,profile_exposure_plus_surface,164,,
random_forest,124,0.18548387096774194,0.5628333333333333,0.11261487961682108,0.37919399949148225,0.0,5,dense_audit_users,median,full_plus_surface,124,,
gradient_boosting,124,0.18548387096774194,0.5595714285714285,0.10204000816006498,0.38093961143103017,0.25,5,dense_audit_users,median,behavior_plus_surface,124,,
random_forest,124,0.18548387096774194,0.5577142857142857,0.1014370217807833,0.33758495877374595,0.0,5,dense_audit_users,median,full,124,,
logistic,302,0.25496688741721857,0.5570185185185185,0.06628404604386434,0.34587651060033936,0.3583222061496235,5,click_ge_5,median,full,302,,
gradient_boosting,124,0.18548387096774194,0.5566190476190476,0.05317544656995211,0.3453846945892981,0.15,5,dense_audit_users,median,full_plus_surface,124,,
random_forest,124,0.18548387096774194,0.545047619047619,0.14028885006032077,0.3855720374396845,0.2603174603174603,5,dense_audit_users,median,profile_exposure_plus_surface,124,,
gradient_boosting,124,0.18548387096774194,0.5424047619047621,0.01648341432609773,0.28575788732438345,0.1308080808080808,5,dense_audit_users,median,full,124,,
gradient_boosting,164,0.23170731707317074,0.5258241758241758,0.13454056229639832,0.3869625940671296,0.27314019314019317,5,audit_eligible_traceable,median,behavior_plus_surface,164,,
logistic,300,0.25666666666666665,0.5247373737373737,0.06608800225493175,0.3103699091644871,0.31939636185659515,5,click_ge_5_rec_ge_20,median,full,300,,
gradient_boosting,164,0.23170731707317074,0.5061648351648351,0.12052838426727716,0.29581606368630675,0.13350649350649352,5,audit_eligible_traceable,median,full_plus_surface,164,,
logistic,164,0.23170731707317074,0.4909780219780219,0.1302903847170474,0.2691023621432815,0.2798216276477146,5,audit_eligible_traceable,median,full,164,,
extra_trees,124,0.18548387096774194,0.4845476190476191,0.12329932423176163,0.28788516634724065,0.15666666666666668,5,dense_audit_users,median,full,124,,
extra_trees,124,0.18548387096774194,0.481547619047619,0.1020343524029764,0.28712524025681924,0.17714285714285713,5,dense_audit_users,median,full_plus_surface,124,,
gradient_boosting,124,0.18548387096774194,0.48138095238095235,0.15269642938354927,0.2871735462605028,0.06666666666666667,5,dense_audit_users,median,profile_exposure_plus_surface,124,,
extra_trees,124,0.18548387096774194,0.46552380952380956,0.131083951220482,0.28998333093298767,0.15064935064935064,5,dense_audit_users,median,profile_exposure_plus_surface,124,,
logistic,124,0.18548387096774194,0.45933333333333337,0.03918049401310696,0.29126187177302737,0.2333333333333333,5,dense_audit_users,median,full_plus_surface,124,,
logistic,124,0.18548387096774194,0.4337142857142857,0.13330217322967808,0.2105276527756505,0.19945054945054946,5,dense_audit_users,median,profile_exposure_plus_surface,124,,
logistic,124,0.18548387096774194,0.41107142857142864,0.029981286680534718,0.2513104847097982,0.18086834733893556,5,dense_audit_users,median,full,124,,
extra_trees,124,0.20161290322580644,0.7371578947368421,0.15200656058155446,0.5982557530189109,0.5288888888888889,5,dense_audit_users,top_category_mismatch,full,124,,
logistic,268,0.20149253731343283,0.7343722943722943,0.06566005589166346,0.4732562964048924,0.4751007613076578,5,audit_eligible_core,top_category_mismatch,full_plus_surface,268,,
logistic,302,0.20860927152317882,0.732915075468267,0.06485691078851381,0.4135452174692584,0.46049311672790055,5,click_ge_5,top_category_mismatch,full,302,,
logistic,268,0.20149253731343283,0.7323165206886137,0.08266035517963445,0.4534579259273402,0.49221611721611724,5,audit_eligible_core,top_category_mismatch,full,268,,
logistic,300,0.21,0.7257382024004364,0.05824237752407958,0.408634970348243,0.4644190896822476,5,click_ge_5_rec_ge_20,top_category_mismatch,full,300,,
gradient_boosting,300,0.21,0.7168223767957811,0.046645387895146384,0.4573200935247705,0.2441683919944789,5,click_ge_5_rec_ge_20,top_category_mismatch,profile_exposure_plus_surface,300,,
logistic,302,0.20860927152317882,0.7166507546826695,0.05080416563162126,0.39671108757998663,0.4306176582038651,5,click_ge_5,top_category_mismatch,full_plus_surface,302,,
random_forest,164,0.21951219512195122,0.7148791208791208,0.1404223897051018,0.5141699909361191,0.3,5,audit_eligible_traceable,top_category_mismatch,full_plus_surface,164,,
gradient_boosting,302,0.20860927152317882,0.7117583878887069,0.06443784054909311,0.4538609593534762,0.36506730380939556,5,click_ge_5,top_category_mismatch,profile_exposure_plus_surface,302,,
random_forest,124,0.20161290322580644,0.7101052631578948,0.08954882293894594,0.5688441156366852,0.37761904761904763,5,dense_audit_users,top_category_mismatch,profile_exposure_plus_surface,124,,
extra_trees,698,0.22779369627507162,0.7093714932335107,0.026533743531887154,0.4687405592656627,0.4170164701199184,5,all_profile_click_users,top_category_mismatch,full_plus_surface,698,,
logistic,300,0.21,0.7083770912893254,0.048102565298232446,0.38545894846664536,0.4254702789507544,5,click_ge_5_rec_ge_20,top_category_mismatch,full_plus_surface,300,,
gradient_boosting,300,0.21,0.7080514639025278,0.049828928494739154,0.44225460628444885,0.3483660130718954,5,click_ge_5_rec_ge_20,top_category_mismatch,full_plus_surface,300,,
random_forest,124,0.20161290322580644,0.7055789473684211,0.09004252611791438,0.49245112300839855,0.36875901875901873,5,dense_audit_users,top_category_mismatch,full,124,,
logistic,302,0.20860927152317882,0.7047565466448446,0.06936638500727799,0.43488975767188054,0.41386866791744836,5,click_ge_5,top_category_mismatch,profile_exposure_plus_surface,302,,
random_forest,164,0.21951219512195122,0.7034945054945055,0.1175448723049739,0.5216801195367836,0.4046753246753247,5,audit_eligible_traceable,top_category_mismatch,profile_exposure_plus_surface,164,,
gradient_boosting,164,0.21951219512195122,0.7015164835164834,0.11211571299272535,0.5004395329725281,0.2812354312354312,5,audit_eligible_traceable,top_category_mismatch,profile_exposure_plus_surface,164,,
logistic,698,0.22779369627507162,0.7010634923625767,0.04860738744097277,0.4255369759810946,0.4494560217327665,5,all_profile_click_users,top_category_mismatch,full_plus_surface,698,,
gradient_boosting,302,0.20860927152317882,0.6984468767048554,0.08582203895313306,0.43251674057008016,0.3154862155388471,5,click_ge_5,top_category_mismatch,full_plus_surface,302,,
extra_trees,124,0.20161290322580644,0.6982105263157894,0.16155223506265587,0.5636018862906734,0.4420634920634921,5,dense_audit_users,top_category_mismatch,full_plus_surface,124,,
random_forest,302,0.20860927152317882,0.6974915893798872,0.07977561040065427,0.47609808504709983,0.34566095740008784,5,click_ge_5,top_category_mismatch,full_plus_surface,302,,
logistic,164,0.21951219512195122,0.697010989010989,0.06454187341175942,0.431356129602524,0.3691142191142191,5,audit_eligible_traceable,top_category_mismatch,full_plus_surface,164,,
gradient_boosting,302,0.20860927152317882,0.6940835833787962,0.09015018300356983,0.42801648357079075,0.2119674185463659,5,click_ge_5,top_category_mismatch,full,302,,
extra_trees,698,0.22779369627507162,0.6938764355062026,0.02305831079804458,0.43331177192186876,0.40242800294920295,5,all_profile_click_users,top_category_mismatch,full,698,,
logistic,300,0.21,0.6925963811602109,0.04007341271753184,0.3873912214340001,0.41387754033102875,5,click_ge_5_rec_ge_20,top_category_mismatch,profile_exposure_plus_surface,300,,
random_forest,268,0.20149253731343283,0.6923608174770965,0.0432263084540944,0.42772399011940987,0.29500000000000004,5,audit_eligible_core,top_category_mismatch,full_plus_surface,268,,
random_forest,302,0.20860927152317882,0.6909625613747954,0.0641787926600582,0.41093990792260515,0.3374948240165631,5,click_ge_5,top_category_mismatch,full,302,,
gradient_boosting,300,0.21,0.6902834606292053,0.06295446489745024,0.3885357760925209,0.2531640866873065,5,click_ge_5_rec_ge_20,top_category_mismatch,full,300,,
random_forest,300,0.21,0.6901294553555192,0.08635129996931873,0.4863695171066584,0.34865103722648483,5,click_ge_5_rec_ge_20,top_category_mismatch,profile_exposure_plus_surface,300,,
gradient_boosting,124,0.20161290322580644,0.6894736842105262,0.09115084450674955,0.5031049106141312,0.38984126984126977,5,dense_audit_users,top_category_mismatch,full,124,,
extra_trees,124,0.20161290322580644,0.6885263157894737,0.15220572169748264,0.46239821272638615,0.4822222222222223,5,dense_audit_users,top_category_mismatch,profile_exposure_plus_surface,124,,
random_forest,268,0.20149253731343283,0.687975435417296,0.040202619677541185,0.41112919678677945,0.23777310924369743,5,audit_eligible_core,top_category_mismatch,full,268,,
random_forest,300,0.21,0.6872323376977633,0.08003548381069286,0.46872604130369255,0.3571465428276574,5,click_ge_5_rec_ge_20,top_category_mismatch,full_plus_surface,300,,
random_forest,698,0.22779369627507162,0.6855549135206959,0.02137368157603517,0.4181567932198914,0.3121691416517386,5,all_profile_click_users,top_category_mismatch,full,698,,
random_forest,698,0.22779369627507162,0.685337424211972,0.00858603880702455,0.43657001544874685,0.3618427334320456,5,all_profile_click_users,top_category_mismatch,full_plus_surface,698,,
random_forest,300,0.21,0.6849699945444627,0.07029130516940658,0.40965471368442385,0.31861683193490975,5,click_ge_5_rec_ge_20,top_category_mismatch,full,300,,
extra_trees,164,0.21951219512195122,0.6815604395604394,0.09836853928258414,0.49023599986464383,0.4448717948717949,5,audit_eligible_traceable,top_category_mismatch,behavior_plus_surface,164,,
gradient_boosting,268,0.20149253731343283,0.6812987012987014,0.03941988707048491,0.3629929794735938,0.3032693947144075,5,audit_eligible_core,top_category_mismatch,full,268,,
random_forest,698,0.22779369627507162,0.6809144146596099,0.0460319690703051,0.4684666079955099,0.36639740776993956,5,all_profile_click_users,top_category_mismatch,profile_exposure_plus_surface,698,,
logistic,164,0.21951219512195122,0.6803516483516484,0.06621647942229855,0.43804208406010464,0.4232829131652661,5,audit_eligible_traceable,top_category_mismatch,full,164,,
random_forest,302,0.20860927152317882,0.6798326968539735,0.09433466341944573,0.4949744110672937,0.37585677749360613,5,click_ge_5,top_category_mismatch,profile_exposure_plus_surface,302,,
gradient_boosting,698,0.22779369627507162,0.6797115239674405,0.03329927847837576,0.43218774263070897,0.35068142094520405,5,all_profile_click_users,top_category_mismatch,full_plus_surface,698,,
logistic,698,0.22779369627507162,0.678801683806206,0.03158716338688239,0.3960514735197124,0.4263058495706319,5,all_profile_click_users,top_category_mismatch,full,698,,
random_forest,124,0.20161290322580644,0.6774736842105262,0.08643983384612827,0.516562435500516,0.3538095238095238,5,dense_audit_users,top_category_mismatch,full_plus_surface,124,,
extra_trees,300,0.21,0.6769963857064921,0.10207458204276336,0.47944037982188686,0.4004057971014493,5,click_ge_5_rec_ge_20,top_category_mismatch,full_plus_surface,300,,
extra_trees,698,0.22779369627507162,0.6733673646702174,0.03726580915780425,0.473802124135067,0.4319314590824888,5,all_profile_click_users,top_category_mismatch,profile_exposure_plus_surface,698,,
gradient_boosting,268,0.20149253731343283,0.6717144870633243,0.05814387448214198,0.37303590430679395,0.25969079939668177,5,audit_eligible_core,top_category_mismatch,full_plus_surface,268,,
random_forest,164,0.21951219512195122,0.6682527472527473,0.1343815614490358,0.3999442167284881,0.17675213675213677,5,audit_eligible_traceable,top_category_mismatch,full,164,,
extra_trees,302,0.20860927152317882,0.6667735042735042,0.10192663951423907,0.46802562185422625,0.3991599731537812,5,click_ge_5,top_category_mismatch,full_plus_surface,302,,
extra_trees,164,0.21951219512195122,0.6655494505494506,0.08108182017328676,0.4497053246056417,0.32121212121212117,5,audit_eligible_traceable,top_category_mismatch,full_plus_surface,164,,
extra_trees,302,0.20860927152317882,0.6644861565739226,0.10400902928210164,0.4216294104457273,0.36950710108604845,5,click_ge_5,top_category_mismatch,full,302,,
random_forest,164,0.21951219512195122,0.6637472527472527,0.13026281293880498,0.44498540899675093,0.3538579067990833,5,audit_eligible_traceable,top_category_mismatch,behavior_plus_surface,164,,
random_forest,268,0.20149253731343283,0.6627665357897916,0.07764880920195044,0.4501345348850568,0.3122305764411027,5,audit_eligible_core,top_category_mismatch,profile_exposure_plus_surface,268,,
gradient_boosting,698,0.22779369627507162,0.6617626369209125,0.06746226847754049,0.40669119633567,0.27921699191582544,5,all_profile_click_users,top_category_mismatch,profile_exposure_plus_surface,698,,
logistic,698,0.22779369627507162,0.65910361814558,0.03465275724959247,0.38897922572914306,0.4356335626902471,5,all_profile_click_users,top_category_mismatch,profile_exposure_plus_surface,698,,
logistic,164,0.21951219512195122,0.6585604395604395,0.06615085605304852,0.40162598969602364,0.3965091912918,5,audit_eligible_traceable,top_category_mismatch,behavior_plus_surface,164,,
gradient_boosting,268,0.20149253731343283,0.657332125239102,0.05738461495511986,0.3856090398871789,0.23250377073906486,5,audit_eligible_core,top_category_mismatch,profile_exposure_plus_surface,268,,
extra_trees,300,0.21,0.6537955764684489,0.10990917284162045,0.4054714905135325,0.3494526915579547,5,click_ge_5_rec_ge_20,top_category_mismatch,full,300,,
extra_trees,698,0.22779369627507162,0.653014807277884,0.05111342599611943,0.3467542087304992,0.3907447973713034,5,all_profile_click_users,top_category_mismatch,behavior_plus_surface,698,,
logistic,164,0.21951219512195122,0.6528791208791209,0.06434023798437498,0.37791108184608735,0.40997365207891523,5,audit_eligible_traceable,top_category_mismatch,profile_exposure_plus_surface,164,,
gradient_boosting,698,0.22779369627507162,0.6528274656930069,0.03053946779025812,0.4028595498641511,0.2277306537088582,5,all_profile_click_users,top_category_mismatch,full,698,,
logistic,698,0.22779369627507162,0.6523499348195044,0.06765802335828108,0.3421276797762565,0.434448040273283,5,all_profile_click_users,top_category_mismatch,behavior_plus_surface,698,,
extra_trees,300,0.21,0.6506597790507366,0.11038925059607875,0.47150144354010387,0.4072481203007518,5,click_ge_5_rec_ge_20,top_category_mismatch,profile_exposure_plus_surface,300,,
extra_trees,268,0.20149253731343283,0.6463304137722743,0.052084923603867433,0.43384390357161917,0.3381578947368421,5,audit_eligible_core,top_category_mismatch,full_plus_surface,268,,
extra_trees,164,0.21951219512195122,0.6440989010989011,0.1160258872879306,0.4498931745047252,0.45567765567765567,5,audit_eligible_traceable,top_category_mismatch,profile_exposure_plus_surface,164,,
random_forest,698,0.22779369627507162,0.6427529093949239,0.05063217038784218,0.3500714200255925,0.33289412256130524,5,all_profile_click_users,top_category_mismatch,behavior_plus_surface,698,,
gradient_boosting,164,0.21951219512195122,0.6424395604395604,0.1237716733438157,0.3841591307194535,0.2690909090909091,5,audit_eligible_traceable,top_category_mismatch,full,164,,
gradient_boosting,164,0.21951219512195122,0.641032967032967,0.1281112380429013,0.43862401854511984,0.2995670995670996,5,audit_eligible_traceable,top_category_mismatch,full_plus_surface,164,,
extra_trees,124,0.20161290322580644,0.6385263157894736,0.14261561378894977,0.4194335545102808,0.40524475524475523,5,dense_audit_users,top_category_mismatch,behavior_plus_surface,124,,
extra_trees,268,0.20149253731343283,0.6346360616128058,0.06438514206127333,0.31038392547311816,0.28086601037599224,5,audit_eligible_core,top_category_mismatch,behavior_plus_surface,268,,
extra_trees,302,0.20860927152317882,0.6333503818876159,0.07859079558578388,0.34722918289869337,0.32337347199416167,5,click_ge_5,top_category_mismatch,behavior_plus_surface,302,,
logistic,124,0.20161290322580644,0.633157894736842,0.10148318365668743,0.3681327561327561,0.36571428571428566,5,dense_audit_users,top_category_mismatch,profile_exposure_plus_surface,124,,
gradient_boosting,124,0.20161290322580644,0.6330526315789473,0.07708785504942968,0.42395305632134284,0.2733766233766234,5,dense_audit_users,top_category_mismatch,full_plus_surface,124,,
extra_trees,302,0.20860927152317882,0.6320598063284234,0.11332376735010793,0.45944134654084656,0.41163429163429155,5,click_ge_5,top_category_mismatch,profile_exposure_plus_surface,302,,
gradient_boosting,302,0.20860927152317882,0.6289313966175669,0.052653820377030605,0.31995311075088806,0.11847890671420083,5,click_ge_5,top_category_mismatch,behavior_plus_surface,302,,
logistic,268,0.20149253731343283,0.6280096647538508,0.0743294287763437,0.39603115666366795,0.3309335825464858,5,audit_eligible_core,top_category_mismatch,profile_exposure_plus_surface,268,,
extra_trees,268,0.20149253731343283,0.6277620054364241,0.05463815820709457,0.38497202593450386,0.28952858735467435,5,audit_eligible_core,top_category_mismatch,full,268,,
random_forest,302,0.20860927152317882,0.6196961947626841,0.06803607027002767,0.3241920673740989,0.24587556234615054,5,click_ge_5,top_category_mismatch,behavior_plus_surface,302,,
random_forest,268,0.20149253731343283,0.6178193899124131,0.05110024393016419,0.2875924000861301,0.21209021157870261,5,audit_eligible_core,top_category_mismatch,behavior_plus_surface,268,,
gradient_boosting,124,0.20161290322580644,0.6177894736842104,0.08917498127456243,0.43528333757745524,0.23888888888888887,5,dense_audit_users,top_category_mismatch,profile_exposure_plus_surface,124,,
logistic,124,0.20161290322580644,0.6136842105263157,0.20341706947826343,0.42619280719280717,0.33871794871794875,5,dense_audit_users,top_category_mismatch,full,124,,
extra_trees,300,0.21,0.606224427168576,0.04917032394712806,0.3150882054953585,0.34069295101553165,5,click_ge_5_rec_ge_20,top_category_mismatch,behavior_plus_surface,300,,
random_forest,300,0.21,0.6026527550463721,0.06487428962654633,0.33067626222208746,0.24310057092665788,5,click_ge_5_rec_ge_20,top_category_mismatch,behavior_plus_surface,300,,
extra_trees,268,0.20149253731343283,0.6016651565488775,0.08437036136262242,0.4102946546874108,0.38706766917293234,5,audit_eligible_core,top_category_mismatch,profile_exposure_plus_surface,268,,
extra_trees,164,0.21951219512195122,0.5997802197802198,0.07117758100467175,0.37828428561588906,0.27582417582417584,5,audit_eligible_traceable,top_category_mismatch,full,164,,
logistic,300,0.21,0.5913643389707219,0.0537383631194935,0.2823865693127775,0.37215703998312694,5,click_ge_5_rec_ge_20,top_category_mismatch,behavior_plus_surface,300,,
logistic,302,0.20860927152317882,0.5878665439170758,0.0703584454550951,0.29417308135019166,0.3599697976442162,5,click_ge_5,top_category_mismatch,behavior_plus_surface,302,,
gradient_boosting,268,0.20149253731343283,0.587602939695963,0.06701809380729731,0.30611454840475816,0.14705882352941177,5,audit_eligible_core,top_category_mismatch,behavior_plus_surface,268,,
gradient_boosting,300,0.21,0.5866424577195855,0.034988073207706534,0.27409216754866517,0.0784688995215311,5,click_ge_5_rec_ge_20,top_category_mismatch,behavior_plus_surface,300,,
logistic,268,0.20149253731343283,0.5855109231853419,0.07716551431949635,0.3001892230854038,0.3626169657052011,5,audit_eligible_core,top_category_mismatch,behavior_plus_surface,268,,
gradient_boosting,164,0.21951219512195122,0.5831538461538461,0.14617104583584214,0.3919992808111107,0.2082051282051282,5,audit_eligible_traceable,top_category_mismatch,behavior_plus_surface,164,,
gradient_boosting,698,0.22779369627507162,0.5823502959641129,0.04503991310695971,0.26846747983891717,0.07473011859595473,5,all_profile_click_users,top_category_mismatch,behavior_plus_surface,698,,
random_forest,124,0.20161290322580644,0.5712631578947369,0.16737623285311368,0.3498644978210196,0.15,5,dense_audit_users,top_category_mismatch,behavior_plus_surface,124,,
logistic,124,0.20161290322580644,0.5469473684210526,0.1658388898784657,0.36705781728927506,0.3043290043290043,5,dense_audit_users,top_category_mismatch,full_plus_surface,124,,
gradient_boosting,124,0.20161290322580644,0.5386315789473685,0.10990481905757166,0.27502884207669515,0.05,5,dense_audit_users,top_category_mismatch,behavior_plus_surface,124,,
logistic,124,0.20161290322580644,0.5093684210526316,0.12765708914890816,0.3031079251434615,0.24587719298245608,5,dense_audit_users,top_category_mismatch,behavior_plus_surface,124,,
