cohort,metric,n_users,mean,median,ci_95_low,ci_95_high
all_profile_click_users,entropy_gap_count_adjusted,553,0.21901088499336327,0.010721749581729223,0.1866580462928823,0.2521062680281405
all_profile_click_users,hhi_concentration_gap_count_adjusted,553,0.1671823423696068,0.10083333333333333,0.1504645157018427,0.1844244068966334
all_profile_click_users,top_share_gap_count_adjusted,553,0.1615165493779648,0.13215686274509808,0.14504094909622203,0.1786089051814509
all_profile_click_users,effective_category_gap_count_adjusted,553,0.754932409582235,0.79,0.6719166262702752,0.8444372621721731
all_profile_click_users,category_js_divergence,553,0.5934187714395388,0.5851006160425494,0.5750314152475337,0.6113307788973319
click_ge_5,entropy_gap_count_adjusted,284,0.03242353231380573,-0.01216304563944648,0.014350779161287902,0.053302870860217615
click_ge_5,hhi_concentration_gap_count_adjusted,284,0.09116664109553979,0.0417110408809251,0.07287211966297673,0.10992922098235744
click_ge_5,top_share_gap_count_adjusted,284,0.07712162216515292,0.04409722222222218,0.05825439899374795,0.09703739439838557
click_ge_5,effective_category_gap_count_adjusted,284,0.824932160598898,0.7821339319871834,0.6694608083525376,0.9845917339703174
click_ge_5,category_js_divergence,284,0.48265283913251705,0.4569093554358734,0.4624458128925135,0.5039655248249015
click_ge_5_rec_ge_20,entropy_gap_count_adjusted,283,0.03281824663599017,-0.011393083188656394,0.01376627771201263,0.05540759699531061
click_ge_5_rec_ge_20,hhi_concentration_gap_count_adjusted,283,0.0917755418180487,0.04280983686389092,0.07368215373283905,0.11175587142853866
click_ge_5_rec_ge_20,top_share_gap_count_adjusted,283,0.07803803150927792,0.04611111111111105,0.05851693673399108,0.09909540842551104
click_ge_5_rec_ge_20,effective_category_gap_count_adjusted,283,0.831988574372746,0.7833149288505319,0.672709865208144,0.993623063389825
click_ge_5_rec_ge_20,category_js_divergence,283,0.48393672505959107,0.45749921159647444,0.46294995712720305,0.5046617160913738
audit_eligible_core,entropy_gap_count_adjusted,251,0.025351899042913035,-0.013595767887469745,0.006316321029152359,0.04670612197624805
audit_eligible_core,hhi_concentration_gap_count_adjusted,251,0.08239117006005045,0.037777777777777743,0.06421627988951581,0.10116878560537472
audit_eligible_core,top_share_gap_count_adjusted,251,0.06859892388703534,0.03812500000000002,0.04913699953945245,0.08868066953791547
audit_eligible_core,effective_category_gap_count_adjusted,251,0.7794872582663039,0.7554005354988753,0.6124628232134898,0.9516473741468888
audit_eligible_core,category_js_divergence,251,0.4712430330256249,0.4469164024501904,0.44942954418995995,0.49416623546815
audit_eligible_traceable,entropy_gap_count_adjusted,154,0.011627167246206455,-0.015111809113871555,-0.007746592792615922,0.0338349353791524
audit_eligible_traceable,hhi_concentration_gap_count_adjusted,154,0.06607889478430015,0.03532108843537418,0.045241944980485255,0.08849231735894772
audit_eligible_traceable,top_share_gap_count_adjusted,154,0.05495467326555826,0.027898550724637677,0.031204535460014608,0.08070452590981422
audit_eligible_traceable,effective_category_gap_count_adjusted,154,0.7305625319703613,0.6975982245054115,0.4793797074189555,0.9774227528764264
audit_eligible_traceable,category_js_divergence,154,0.4500147353826498,0.43173093890733144,0.4230394605683356,0.47844161013272374
dense_audit_users,entropy_gap_count_adjusted,119,0.0002880715955835278,-0.012933008090236564,-0.014492867442544594,0.015786820872342473
dense_audit_users,hhi_concentration_gap_count_adjusted,119,0.045108887632411915,0.020067800788954676,0.026861614922698725,0.06453543825206304
dense_audit_users,top_share_gap_count_adjusted,119,0.039002223820623017,0.013055555555555542,0.015051503837279552,0.0630563632757571
dense_audit_users,effective_category_gap_count_adjusted,119,0.6364907380212591,0.644445281197422,0.3445690451256604,0.9469646867602982
dense_audit_users,category_js_divergence,119,0.39494221480932395,0.4022716276001733,0.3682352960057884,0.4220082075743027
