k,baseline,rows,mean_candidate_n,hit_rate,hit_pct,ci_95_low,ci_95_high,actual_minus_baseline_pp,ci_95_low_pp,ci_95_high_pp
3,actual_recommendation,11440,8.34361888111888,0.03277972027972028,3.277972027972028,,,,,
3,same_day_global_recommendation_popularity_leave_user_out,11440,8.34361888111888,0.019318181818181818,1.9318181818181817,,,1.3461538461538463,0.9788024475524477,1.7307692307692308
3,prior_1d_click_popularity,11440,8.34361888111888,0.036625874125874126,3.6625874125874125,,,-0.38461538461538464,-0.8304195804195804,0.0701486013986012
3,prior_3d_click_popularity,11440,8.34361888111888,0.01888111888111888,1.8881118881118881,,,1.3898601398601398,0.9965034965034965,1.826923076923077
3,prior_7d_click_popularity,11440,8.34361888111888,0.011625874125874127,1.1625874125874127,,,2.1153846153846154,1.7132867132867133,2.5087412587412588
3,same_day_click_popularity_oracle_leave_user_out,11440,8.34361888111888,0.219493006993007,21.9493006993007,,,-18.67132867132867,-19.52819055944056,-17.858391608391607
5,actual_recommendation,11440,13.905419580419581,0.04991258741258741,4.991258741258741,,,,,
5,same_day_global_recommendation_popularity_leave_user_out,11440,13.905419580419581,0.031118881118881118,3.1118881118881117,,,1.8793706293706292,1.4246066433566433,2.3688811188811187
5,prior_1d_click_popularity,11440,13.905419580419581,0.04973776223776224,4.973776223776224,,,0.017482517482517484,-0.5334353146853147,0.5596590909090907
5,prior_3d_click_popularity,11440,13.905419580419581,0.028234265734265733,2.8234265734265733,,,2.1678321678321675,1.6955856643356644,2.657998251748251
5,prior_7d_click_popularity,11440,13.905419580419581,0.01730769230769231,1.7307692307692308,,,3.260489510489511,2.797202797202797,3.715034965034965
5,same_day_click_popularity_oracle_leave_user_out,11440,13.905419580419581,0.2743881118881119,27.43881118881119,,,-22.447552447552447,-23.34812062937063,-21.546765734265737
10,actual_recommendation,11440,27.809265734265733,0.07762237762237763,7.7622377622377625,,,,,
10,same_day_global_recommendation_popularity_leave_user_out,11440,27.809265734265733,0.05603146853146853,5.603146853146853,,,2.159090909090909,1.6083916083916083,2.701048951048951
10,prior_1d_click_popularity,11440,27.809265734265733,0.06888111888111888,6.8881118881118875,,,0.8741258741258742,0.20083041958041956,1.582167832167832
10,prior_3d_click_popularity,11440,27.809265734265733,0.04160839160839161,4.160839160839161,,,3.6013986013986012,3.041739510489511,4.1870629370629375
10,prior_7d_click_popularity,11440,27.809265734265733,0.028059440559440558,2.805944055944056,,,4.956293706293706,4.370410839160839,5.524694055944056
10,same_day_click_popularity_oracle_leave_user_out,11440,27.809265734265733,0.33723776223776225,33.72377622377623,,,-25.961538461538463,-26.958697552447553,-25.008304195804193
20,actual_recommendation,11440,55.61381118881119,0.11048951048951049,11.048951048951048,,,,,
20,same_day_global_recommendation_popularity_leave_user_out,11440,55.61381118881119,0.09125874125874125,9.125874125874125,,,1.9230769230769231,1.2148164335664335,2.5354020979020975
20,prior_1d_click_popularity,11440,55.61381118881119,0.08854895104895105,8.854895104895105,,,2.194055944055944,1.4248251748251748,2.87652972027972
20,prior_3d_click_popularity,11440,55.61381118881119,0.06302447552447553,6.3024475524475525,,,4.746503496503497,4.046984265734266,5.402316433566433
20,prior_7d_click_popularity,11440,55.61381118881119,0.04344405594405595,4.344405594405595,,,6.704545454545455,6.057473776223777,7.325393356643356
20,same_day_click_popularity_oracle_leave_user_out,11440,55.61381118881119,0.3861013986013986,38.61013986013986,,,-27.561188811188813,-28.636363636363637,-26.51201923076923
all,actual_recommendation,11440,57.343444055944055,0.11293706293706293,11.293706293706293,,,,,
all,same_day_global_recommendation_popularity_leave_user_out,11440,57.343444055944055,0.09519230769230769,9.519230769230768,,,1.7744755244755246,1.1798513986013985,2.4475524475524475
all,prior_1d_click_popularity,11440,57.343444055944055,0.08854895104895105,8.854895104895105,,,2.4388111888111887,1.6781031468531469,3.190559440559441
all,prior_3d_click_popularity,11440,57.343444055944055,0.0631993006993007,6.31993006993007,,,4.973776223776224,4.256774475524475,5.681818181818182
all,prior_7d_click_popularity,11440,57.343444055944055,0.04353146853146853,4.353146853146853,,,6.940559440559441,6.284965034965034,7.640078671328671
all,same_day_click_popularity_oracle_leave_user_out,11440,57.343444055944055,0.3861013986013986,38.61013986013986,,,-27.316433566433567,-28.330638111888113,-26.153846153846157
3,date_matched_random_existing,11440,,0.0226837432095992,2.2683743209599196,0.0209762602776335,0.0242782530860817,1.0095977070121083,,
5,date_matched_random_existing,11440,,0.0340527185390438,3.40527185390438,0.032001933537204,0.0361384694628618,1.5859868873543612,,
10,date_matched_random_existing,11440,,0.0559554167500801,5.59554167500801,0.0533213582515937,0.0585909096701767,2.1666960872297523,,
20,date_matched_random_existing,11440,,0.0866294327283589,8.66294327283589,0.0832999440451672,0.0899381165774829,2.3860077761151595,,
all,date_matched_random_existing,11440,,0.09134833916083916,9.134833916083917,0.08766826923076923,0.09529064685314685,2.158872377622377,,
