model,auc_mean,auc_std,auprc_mean,accuracy_mean,f1_mean,feature_set,n_users
RandomForest,0.8593025532581453,0.0346640528373009,0.8611475391117818,0.7837307297019527,0.7416669418072065,full_plus_weighted_static,698
GradientBoosting,0.850217340225564,0.033284330135163784,0.8612981035027362,0.7851284686536484,0.7463168001187173,full_plus_weighted_static,698
ExtraTrees,0.8386473997493734,0.042335783838074674,0.8456270142372505,0.7551284686536486,0.7171644648171587,full_plus_weighted_static,698
RandomForest,0.8230266421261486,0.04137410262487647,0.8373536354122585,0.7823432682425489,0.7396704749432443,current_profile_plus_weighted,698
GradientBoosting,0.8175546287593984,0.04038129420601597,0.8373856912573269,0.7708735868448099,0.7248451911627072,current_profile_plus_weighted,698
Logistic,0.7803760703842941,0.04036382358358798,0.7609750544694134,0.7192805755395681,0.699785805031906,full_plus_weighted_static,698
ExtraTrees,0.7527637453007519,0.04191013088682739,0.7492440887417879,0.694912641315519,0.6790147615487503,current_profile_plus_weighted,698
Logistic,0.7298235823934837,0.038856829148496426,0.7161510898753931,0.6647995889003084,0.6361412080368433,current_profile_plus_weighted,698
Logistic,0.698422488512949,0.04087974664588471,0.6826507400154705,0.6561870503597123,0.6287958389574906,static_profile_plus_weighted,698
Logistic,0.6962089468462824,0.04866883091623908,0.6784769236659752,0.6404830421377185,0.6157481289195024,static_weighted_prefs,698
RandomForest,0.695813100459482,0.03707134875062056,0.6531960873901206,0.6376258992805756,0.626300891802577,static_profile_plus_weighted,698
ExtraTrees,0.6943400167084377,0.036794955992292364,0.6709394726257353,0.6390133607399795,0.6331652433782337,static_weighted_prefs,698
ExtraTrees,0.6901772660818712,0.035444483951426825,0.6518485852097345,0.6519013360739979,0.6318306787288617,static_profile_plus_weighted,698
GradientBoosting,0.6889668833542189,0.035746255143143696,0.6602121371533753,0.6375847893114079,0.6104750051683618,static_weighted_prefs,698
RandomForest,0.6861023000208857,0.02756195701957677,0.6460200191613593,0.6275539568345325,0.6214931402636884,static_weighted_prefs,698
GradientBoosting,0.6763252532372598,0.03843126374053472,0.6487144624543167,0.6333093525179856,0.6113459473698135,static_profile_plus_weighted,698
Logistic,0.5435519136382624,0.04279795483304843,0.5257260202734025,0.5173072970195273,0.5190898927285829,static_profile_counts,698
GradientBoosting,0.5313436586257311,0.04195646031219892,0.5019944144990334,0.5487358684480986,0.4094150457385751,static_profile_counts,698
RandomForest,0.5270927970969089,0.04393805089569184,0.5140211164347384,0.5458170606372045,0.4695916342052947,static_profile_counts,698
ExtraTrees,0.5263004516499582,0.03073688133016115,0.5198194130491675,0.5473381294964028,0.45894707596266143,static_profile_counts,698
