model,auc_mean,auc_std,auprc_mean,accuracy_mean,f1_mean,task,feature_set,n_users,positive_rate
RandomForest,0.8593025532581453,0.0346640528373009,0.8611475391117818,0.7837307297019527,0.7416669418072065,median_divergence_all,full_plus_weighted_static,698,0.45558739255014324
GradientBoosting,0.850217340225564,0.033284330135163784,0.8612981035027362,0.7851284686536484,0.7463168001187173,median_divergence_all,full_plus_weighted_static,698,0.45558739255014324
ExtraTrees,0.8386473997493734,0.042335783838074674,0.8456270142372505,0.7551284686536486,0.7171644648171587,median_divergence_all,full_plus_weighted_static,698,0.45558739255014324
Logistic,0.7803760703842941,0.04036382358358798,0.7609750544694134,0.7192805755395681,0.699785805031906,median_divergence_all,full_plus_weighted_static,698,0.45558739255014324
Logistic,0.698422488512949,0.04087974664588471,0.6826507400154705,0.6561870503597123,0.6287958389574906,median_divergence_all,static_profile_plus_weighted,698,0.45558739255014324
Logistic,0.6962089468462824,0.04866883091623908,0.6784769236659752,0.6404830421377185,0.6157481289195024,median_divergence_all,static_weighted_prefs,698,0.45558739255014324
RandomForest,0.695813100459482,0.03707134875062056,0.6531960873901206,0.6376258992805756,0.626300891802577,median_divergence_all,static_profile_plus_weighted,698,0.45558739255014324
ExtraTrees,0.6943400167084377,0.036794955992292364,0.6709394726257353,0.6390133607399795,0.6331652433782337,median_divergence_all,static_weighted_prefs,698,0.45558739255014324
ExtraTrees,0.6901772660818712,0.035444483951426825,0.6518485852097345,0.6519013360739979,0.6318306787288617,median_divergence_all,static_profile_plus_weighted,698,0.45558739255014324
GradientBoosting,0.6889668833542189,0.035746255143143696,0.6602121371533753,0.6375847893114079,0.6104750051683618,median_divergence_all,static_weighted_prefs,698,0.45558739255014324
RandomForest,0.6861023000208857,0.02756195701957677,0.6460200191613593,0.6275539568345325,0.6214931402636884,median_divergence_all,static_weighted_prefs,698,0.45558739255014324
GradientBoosting,0.6763252532372598,0.03843126374053472,0.6487144624543167,0.6333093525179856,0.6113459473698135,median_divergence_all,static_profile_plus_weighted,698,0.45558739255014324
GradientBoosting,0.7073422472437251,0.11281991238905681,0.5350079155745944,0.8228571428571427,0.3423076923076923,median_divergence_click_ge_10,full_plus_weighted_static,175,0.19428571428571428
RandomForest,0.7010673234811166,0.12855512519237622,0.4786927041678787,0.7142857142857144,0.4010457516339869,median_divergence_click_ge_10,static_weighted_prefs,175,0.19428571428571428
RandomForest,0.6973610133708655,0.12759736836594218,0.48182278217410757,0.7142857142857144,0.35558823529411765,median_divergence_click_ge_10,static_profile_plus_weighted,175,0.19428571428571428
Logistic,0.670349519117992,0.09953425926357157,0.4764887598534682,0.6399999999999999,0.3654260913851707,median_divergence_click_ge_10,static_profile_plus_weighted,175,0.19428571428571428
RandomForest,0.6687074829931973,0.10017223355593226,0.47907740549862154,0.7885714285714286,0.33419913419913416,median_divergence_click_ge_10,full_plus_weighted_static,175,0.19428571428571428
Logistic,0.665382359840488,0.10867716927646552,0.4817598086757073,0.6457142857142857,0.3084444444444444,median_divergence_click_ge_10,static_weighted_prefs,175,0.19428571428571428
ExtraTrees,0.654879193056533,0.12795231724639833,0.4520648280303529,0.6857142857142857,0.3802631578947368,median_divergence_click_ge_10,static_weighted_prefs,175,0.19428571428571428
ExtraTrees,0.6395613417780905,0.12831312978104786,0.4350241041229821,0.7028571428571428,0.33126050420168063,median_divergence_click_ge_10,static_profile_plus_weighted,175,0.19428571428571428
ExtraTrees,0.6327351630307295,0.13659677788015226,0.46128594529296896,0.8114285714285714,0.31111111111111117,median_divergence_click_ge_10,full_plus_weighted_static,175,0.19428571428571428
GradientBoosting,0.5985984048791931,0.09505626491492403,0.4041418954009541,0.7371428571428572,0.28320512820512816,median_divergence_click_ge_10,static_profile_plus_weighted,175,0.19428571428571428
Logistic,0.5977597935726016,0.11301980647971835,0.37255154310642125,0.6057142857142856,0.2923763955342903,median_divergence_click_ge_10,full_plus_weighted_static,175,0.19428571428571428
GradientBoosting,0.5900539526155291,0.0942468089969783,0.35964044062781,0.76,0.2512842712842713,median_divergence_click_ge_10,static_weighted_prefs,175,0.19428571428571428
RandomForest,0.6983148148148148,0.06014330166571978,0.5175815462411758,0.7254644808743169,0.3932194357366771,median_divergence_click_ge_5,full_plus_weighted_static,302,0.25496688741721857
GradientBoosting,0.6674814814814816,0.05500774356262807,0.4969064485701672,0.7615300546448087,0.4080772946859903,median_divergence_click_ge_5,full_plus_weighted_static,302,0.25496688741721857
ExtraTrees,0.6561111111111112,0.09718646608799063,0.49136008991477115,0.7287978142076502,0.38107194992623245,median_divergence_click_ge_5,full_plus_weighted_static,302,0.25496688741721857
Logistic,0.6391111111111112,0.08636499014435041,0.47173556605653,0.6027868852459016,0.43702932142830536,median_divergence_click_ge_5,static_weighted_prefs,302,0.25496688741721857
Logistic,0.6326851851851852,0.07121563498745669,0.46777482477193244,0.6227868852459016,0.3957435406933255,median_divergence_click_ge_5,static_profile_plus_weighted,302,0.25496688741721857
RandomForest,0.6263703703703704,0.10365353283745085,0.4493968745137555,0.6626229508196723,0.3949090468105748,median_divergence_click_ge_5,static_profile_plus_weighted,302,0.25496688741721857
ExtraTrees,0.6231296296296296,0.10301381637859752,0.4790957646193008,0.6327868852459017,0.42111623818940896,median_divergence_click_ge_5,static_weighted_prefs,302,0.25496688741721857
Logistic,0.6205740740740741,0.07824503385109748,0.4351089387646815,0.5926775956284153,0.3720851609547349,median_divergence_click_ge_5,full_plus_weighted_static,302,0.25496688741721857
GradientBoosting,0.6182592592592593,0.09386068043628062,0.4676137022484913,0.7384699453551912,0.32008391608391606,median_divergence_click_ge_5,static_profile_plus_weighted,302,0.25496688741721857
GradientBoosting,0.6163055555555557,0.10274273843821405,0.4696064016861358,0.7286338797814208,0.31630036630036634,median_divergence_click_ge_5,static_weighted_prefs,302,0.25496688741721857
RandomForest,0.6155925925925926,0.10168959466214544,0.43604107718662555,0.6592349726775957,0.42577814342520226,median_divergence_click_ge_5,static_weighted_prefs,302,0.25496688741721857
ExtraTrees,0.6043703703703704,0.09702075068303757,0.44643820666550144,0.6593442622950819,0.39061206435494855,median_divergence_click_ge_5,static_profile_plus_weighted,302,0.25496688741721857
Logistic,0.7506030591565337,0.040821807443585816,0.5092541582843257,0.7522096608427543,0.5243497762384531,top_category_mismatch,static_weighted_prefs,698,0.22779369627507162
ExtraTrees,0.7484691830245983,0.035203832823750995,0.5611386409691586,0.7850976361767729,0.514256381141627,top_category_mismatch,full_plus_weighted_static,698,0.22779369627507162
RandomForest,0.7398879858529014,0.030095875519627734,0.5563564260530183,0.7922816032887976,0.5199589883800411,top_category_mismatch,full_plus_weighted_static,698,0.22779369627507162
Logistic,0.7383086847776326,0.03123763222547852,0.520047204433053,0.7235149023638232,0.4930510340069354,top_category_mismatch,full_plus_weighted_static,698,0.22779369627507162
GradientBoosting,0.7367309015565159,0.03053912357779663,0.544602556646223,0.8037512846865364,0.4739502296645154,top_category_mismatch,full_plus_weighted_static,698,0.22779369627507162
Logistic,0.7323933105550532,0.03762202516929153,0.4923202033559771,0.7393216855087359,0.5047917928914634,top_category_mismatch,static_profile_plus_weighted,698,0.22779369627507162
ExtraTrees,0.7302494026284349,0.04171456168083381,0.5354972349837158,0.7492600205549846,0.495697077986536,top_category_mismatch,static_profile_plus_weighted,698,0.22779369627507162
RandomForest,0.7199300879866902,0.0361326536958898,0.5350637980109054,0.7550051387461459,0.49476116930790576,top_category_mismatch,static_profile_plus_weighted,698,0.22779369627507162
ExtraTrees,0.7191944608442479,0.04094251715991804,0.5198067699208268,0.7220452209660844,0.4766752676638797,top_category_mismatch,static_weighted_prefs,698,0.22779369627507162
GradientBoosting,0.704044505577329,0.04225360122439781,0.5114221698443714,0.7908735868448098,0.4280868711120812,top_category_mismatch,static_profile_plus_weighted,698,0.22779369627507162
RandomForest,0.7016471247306244,0.04000158639704676,0.5181069909837188,0.7550256937307297,0.4937093056629808,top_category_mismatch,static_weighted_prefs,698,0.22779369627507162
GradientBoosting,0.6938219846693242,0.045936488641766984,0.5111247052163823,0.779393627954779,0.411737828496985,top_category_mismatch,static_weighted_prefs,698,0.22779369627507162
