min_clicks,top_k,n_users,mean_jaccard,median_jaccard,top_category_match_pct
1,1,698,0.13857380680446582,0.1,77.22063037249283
1,3,698,0.22827290108808732,0.2,77.22063037249283
1,5,698,0.24669021284350798,0.2,77.22063037249283
3,1,413,0.14129343215299633,0.1,76.02905569007264
3,3,413,0.2829912554488826,0.25,76.02905569007264
3,5,413,0.3141178501347993,0.2857142857142857,76.02905569007264
5,1,302,0.14951050605024113,0.1111111111111111,79.13907284768213
5,3,302,0.30044150110375273,0.2928571428571428,79.13907284768213
5,5,302,0.34245678897996784,0.3333333333333333,79.13907284768213
10,1,175,0.16064123178408893,0.1111111111111111,80.57142857142857
10,3,175,0.3103889443889444,0.3,80.57142857142857
10,5,175,0.36457726400583546,0.36363636363636365,80.57142857142857
