feature,importance,model,method
click_count,0.07635254156780237,RandomForest,mean_abs_shap
avg_click_position,0.04238875409171506,RandomForest,mean_abs_shap
active_click_days,0.04085671620237483,RandomForest,mean_abs_shap
avg_daily_clicks,0.03801214106181596,RandomForest,mean_abs_shap
headline_click_share,0.03395783067098901,RandomForest,mean_abs_shap
night_click_share,0.022654063248581,RandomForest,mean_abs_shap
unique_rec_categories,0.014705618071378112,RandomForest,mean_abs_shap
same_day_available_rows,0.0126620840972237,RandomForest,mean_abs_shap
rec_category_entropy,0.01238769246423503,RandomForest,mean_abs_shap
six_month_history_overlap_rate,0.009438858539780513,RandomForest,mean_abs_shap
rec_top_category_share,0.00728624345464782,RandomForest,mean_abs_shap
rec_publisher_entropy,0.007054629014172039,RandomForest,mean_abs_shap
rec_top_publisher_share,0.006660226193725393,RandomForest,mean_abs_shap
same_day_hit_rate,0.005276200974318898,RandomForest,mean_abs_shap
unique_rec_publishers,0.005104380812263291,RandomForest,mean_abs_shap
avg_click_hour,0.005098084630587276,RandomForest,mean_abs_shap
num_stated_publishers,0.003657790806290743,RandomForest,mean_abs_shap
is_android,0.0032506252624625444,RandomForest,mean_abs_shap
is_korean_pref,0.002696902960380305,RandomForest,mean_abs_shap
rec_count,0.00228466505884935,RandomForest,mean_abs_shap
is_premium,0.0013629093895494051,RandomForest,mean_abs_shap
screen_entropy,0.0008153168783351154,RandomForest,mean_abs_shap
num_stated_categories,0.0,RandomForest,mean_abs_shap
breaking_click_share,0.0,RandomForest,mean_abs_shap
message_type_entropy,0.0,RandomForest,mean_abs_shap
