model,auc_mean,auc_std,auprc_mean,accuracy_mean,f1_mean,feature_set
RandomForest,0.7842013888888889,0.02752718997619458,0.7582912804596875,0.716382322713258,0.6851454140658582,full
RandomForest,0.781437969924812,0.03069523643711623,0.7592400578559351,0.7307502569373073,0.701199040041279,exposure+behavior
RandomForest,0.7761630639097745,0.03070659448475302,0.7293181739211474,0.7178211716341213,0.6928219481438195,profile+behavior
ExtraTrees,0.7759196167502089,0.02775064803728312,0.7408379847941166,0.7235868448098663,0.6926881182538531,full
RandomForest,0.7713378498329158,0.027742625085192003,0.7198232304809917,0.7407913669064747,0.7182039979056577,behavior
ExtraTrees,0.7705579051796156,0.025337278162146707,0.7269925724124828,0.723535457348407,0.6944555411861889,profile+behavior
ExtraTrees,0.7704110536758563,0.026207504212829486,0.73220726234106,0.7034943473792394,0.6740173228346457,exposure+behavior
ExtraTrees,0.7568876618629907,0.024448415008324984,0.6888585161702214,0.7149743062692703,0.6954691607374989,behavior
GradientBoosting,0.7545138888888889,0.03394263028429314,0.6942084508753081,0.7048818088386434,0.6632198347107439,exposure+behavior
RandomForest,0.7481424916457812,0.020199742859557283,0.6998000245393227,0.7077389516957863,0.6700953964624103,profile+exposure
GradientBoosting,0.745437486946533,0.02355732567383072,0.6880630352945195,0.7106063720452209,0.6692362895162772,profile+behavior
GradientBoosting,0.7440554511278195,0.027379981505908476,0.700093531315987,0.6948201438848921,0.6556474173284903,full
GradientBoosting,0.7396825396825396,0.04283402283341881,0.6661765346625144,0.7091880781089415,0.6716480729896764,behavior
RandomForest,0.7364077511487052,0.04276937299873413,0.710292241525677,0.7020452209660843,0.6702770614552911,profile
GradientBoosting,0.731639645989975,0.028311881919399096,0.6793610625278419,0.6934326824254883,0.6432685464920539,profile+exposure
GradientBoosting,0.7259803153717628,0.04419602120291492,0.6819826057118121,0.6834737923946557,0.6370966032973054,profile
Logistic,0.722891212406015,0.038895628441026134,0.6841593181812764,0.646207605344296,0.6578345081237617,behavior
Logistic,0.7193471961152882,0.026770419407690007,0.6908530704874251,0.6619424460431654,0.6640281821402365,profile+behavior
ExtraTrees,0.708045504385965,0.018144406044504936,0.6633244919048893,0.6690750256937308,0.6444834493299554,profile+exposure
Logistic,0.7023209064327485,0.03315556352293551,0.6491764957091765,0.6446968139773894,0.6512310760219374,exposure+behavior
Logistic,0.7011669799498746,0.016323944122230493,0.6525604058078638,0.6561664953751285,0.6578436346017296,full
ExtraTrees,0.6607851007727653,0.05675584920580767,0.6551717970475004,0.6031963001027749,0.5418123763266774,profile
ExtraTrees,0.6433156458855472,0.024007550976172284,0.5543471720263106,0.6032271325796505,0.6009122692394393,exposure
RandomForest,0.64164023339599,0.018604585968469287,0.5498752597128518,0.6017780061664953,0.5931406572664667,exposure
Logistic,0.6382443739557226,0.0485996485751009,0.5995581610037372,0.5731757451181911,0.5899035972532605,profile
GradientBoosting,0.607938139619883,0.02687380825887807,0.5306600193411979,0.5730832476875642,0.5431499861289473,exposure
Logistic,0.6058681860902256,0.04146159130800585,0.5410825720717223,0.5759095580678314,0.5865289134067774,profile+exposure
Logistic,0.5815303232038429,0.03841885186242748,0.5164893325156031,0.5572559095580678,0.577838002529119,exposure
