feature,mean_abs_shap
click_count,0.07635254156780237
avg_click_position,0.04238875409171506
active_click_days,0.04085671620237483
avg_daily_clicks,0.03801214106181596
headline_click_share,0.03395783067098901
night_click_share,0.022654063248581
unique_rec_categories,0.014705618071378112
same_day_available_rows,0.0126620840972237
rec_category_entropy,0.01238769246423503
ever_recommended_hit_rate,0.009438858539780513
rec_top_category_share,0.00728624345464782
rec_publisher_entropy,0.007054629014172039
rec_top_publisher_share,0.006660226193725393
same_day_hit_rate,0.005276200974318898
unique_rec_publishers,0.005104380812263291
avg_click_hour,0.005098084630587276
num_stated_publishers,0.003657790806290743
is_android,0.0032506252624625444
is_korean_pref,0.002696902960380305
rec_count,0.00228466505884935
is_premium,0.0013629093895494051
screen_entropy,0.0008153168783351154
num_stated_categories,0.0
breaking_click_share,0.0
message_type_entropy,0.0
